Date,home.name,away.name,home.number,away.number,round,period,home.score,away.score,home.goals,home.behinds,away.goals,away.behinds,Home.Odds,Away.Odds,Bookmakers.Surveyed,Home.Odds.Open,Home.Odds.Min,Home.Odds.Max,Home.Odds.Close,Away.Odds.Open,Away.Odds.Min,Away.Odds.Max,Away.Odds.Close,Home.Line.Open,Home.Line.Min,Home.Line.Max,Home.Line.Close,Away.Line.Open,Away.Line.Min,Away.Line.Max,Away.Line.Close,Home.Line.Odds.Open,Home.Line.Odds.Min,Home.Line.Odds.Max,Home.Line.Odds.Close,Away.Line.Odds.Open,Away.Line.Odds.Min,Away.Line.Odds.Max,Away.Line.Odds.Close,Total.Score.Open,Total.Score.Min,Total.Score.Max,Total.Score.Close,Total.Score.Over.Open,Total.Score.Over.Min,Total.Score.Over.Max,Total.Score.Over.Close,Total.Score.Under.Open,Total.Score.Under.Min,Total.Score.Under.Max,Total.Score.Under.Close
2019-08-25,PA,FR,13,6,23,46,110,67,15,20,10,7,1.27,3.77,9,1.36,1.27,1.38,1.27,3.2,3.2,4,4,-22.5,-27.5,-17.5,-27.5,22.5,17.5,27.5,27.5,1.91,1.91,1.91,1.91,1.91,1.91,1.91,1.91,154.5,154.5,168.5,168.5,1.89,1.89,1.82,1.82,1.89,1.89,2,2
2019-08-25,RI,BL,14,2,23,46,82,55,12,10,8,7,1.34,3.2,9,1.36,1.36,1.44,1.36,3.2,2.8,3.3,3.3,-18.5,-20.5,-14.5,-20.5,18.5,14.5,20.5,20.5,1.91,1.91,1.91,1.91,1.91,1.91,1.91,1.91,158.5,158.5,163.5,163.5,1.89,1.89,1.91,1.91,1.89,1.89,1.91,1.91
2019-08-25,WB,AD,17,1,23,46,121,87,18,13,13,9,1.34,3.21,9,1.54,1.3,1.54,1.35,2.5,2.5,3.6,3.35,-11.5,-18.5,-11.5,-17.5,11.5,11.5,18.5,17.5,1.91,1.91,1.91,1.91,1.91,1.91,1.91,1.91,161.5,161.5,167.5,167.5,1.89,1.89,1.91,1.91,1.89,1.89,1.91,1.91
2019-08-24,WC,HW,18,10,23,46,67,105,9,13,16,9,1.24,4.02,9,1.22,1.2,1.24,1.24,4.35,4.2,4.6,4.25,-29.5,-29.5,-26.5,-26.5,29.5,26.5,29.5,26.5,1.91,1.91,1.91,1.91,1.91,1.91,1.91,1.91,159.5,157.5,159.5,157.5,1.89,1.91,1.91,1.91,1.89,1.91,1.91,1.91
2019-08-24,GC,GW,7,9,23,46,55,127,7,13,20,7,8.81,1.07,9,11,9.5,12,10,1.04,1.03,1.07,1.07,47.5,42.5,50.5,42.5,-47.5,-50.5,-42.5,-42.5,1.91,1.91,1.91,1.91,1.91,1.91,1.91,1.91,170.5,170.5,175.5,175.5,1.89,1.89,1.91,1.91,1.89,1.89,1.91,1.91
2019-08-24,GE,CA,8,3,23,46,129,61,19,15,8,13,1.15,5.32,9,1.12,1.12,1.18,1.15,6.25,5,6.25,6,-34.5,-34.5,-30.5,-32.5,34.5,30.5,34.5,32.5,1.91,1.91,1.91,1.91,1.91,1.91,1.91,1.91,158.5,156.5,158.5,156.5,1.89,1.89,1.89,1.91,1.89,1.89,1.89,1.91
2019-08-24,NM,ME,12,11,23,46,88,83,13,10,12,11,1.26,3.81,9,1.42,1.25,1.42,1.27,2.9,2.9,4,4,-15.5,-25.5,-15.5,-24.5,15.5,15.5,25.5,24.5,1.91,1.91,1.91,1.91,1.91,1.91,1.91,1.91,172.5,167.5,172.5,168.5,1.89,1.89,1.89,1.87,1.89,1.89,1.89,1.95
2019-08-24,SY,SK,16,15,23,46,109,64,17,7,8,16,1.36,3.14,8,1.5,1.36,1.5,1.36,2.6,2.6,3.3,3.3,-11.5,-18.5,-11.5,-18.5,11.5,11.5,18.5,18.5,1.91,1.91,1.91,1.91,1.91,1.91,1.91,1.91,163.5,163.5,174.5,173.5,1.89,1.89,1.91,1.95,1.89,1.89,1.91,1.87
2019-08-23,CW,ES,4,5,23,46,76,65,10,16,10,5,1.19,4.65,9,1.56,1.18,1.56,1.18,2.45,2.45,5.2,5.2,-10.5,-31.5,-10.5,-31.5,10.5,10.5,31.5,31.5,1.89,1.91,1.89,1.91,1.93,1.93,1.91,1.91,154.5,154.5,157.5,156.5,1.89,1.89,1.91,1.91,1.89,1.89,1.91,1.91
2019-08-18,HW,GC,10,7,22,45,118,48,18,10,7,6,1.02,13.29,9,1.14,1.03,1.14,1.03,5.75,5.75,15,15,-34.5,-57.5,-34.5,-57.5,34.5,34.5,57.5,57.5,1.91,1.91,1.91,1.91,1.91,1.91,1.91,1.91,165.5,165.5,167.5,165.5,1.89,1.89,1.91,1.91,1.89,1.89,1.91,1.91
2019-08-18,GW,WB,9,17,22,45,65,126,9,11,19,12,1.69,2.15,9,1.4,1.4,1.75,1.72,3,2.1,3,2.18,-16.5,-16.5,-4.5,-5.5,16.5,4.5,16.5,5.5,1.91,1.91,1.91,1.91,1.91,1.91,1.91,1.91,161.5,160.5,161.5,160.5,1.89,1.89,1.91,1.91,1.89,1.89,1.91,1.91
2019-08-18,RI,WC,14,18,22,45,88,82,13,10,13,4,1.55,2.44,9,1.52,1.52,1.58,1.54,2.55,2.4,2.55,2.55,-11.5,-11.5,-9.5,-10.5,11.5,9.5,11.5,10.5,1.91,1.91,1.91,1.91,1.91,1.91,1.91,1.91,154.5,150.5,154.5,150.5,1.89,1.89,1.89,1.91,1.89,1.89,1.89,1.91
2019-08-17,FR,ES,6,5,22,45,55,87,7,13,13,9,1.61,2.29,9,1.97,1.47,1.97,1.6,1.85,1.85,2.7,2.4,1.5,-14.5,1.5,-9.5,-1.5,-1.5,14.5,9.5,1.91,1.91,1.91,1.91,1.91,1.91,1.91,1.91,154.5,154.5,156.5,156.5,1.89,1.89,1.91,1.91,1.89,1.89,1.91,1.91
2019-08-17,NM,PA,12,13,22,45,144,58,22,12,8,10,2.09,1.73,9,1.68,1.68,2.18,2.18,2.2,1.72,2.2,1.72,-6.5,-6.5,5.5,5.5,6.5,-5.5,6.5,-5.5,1.91,1.91,1.91,1.91,1.91,1.91,1.91,1.91,167.5,164.5,167.5,165.5,1.89,1.89,1.89,1.91,1.89,1.89,1.89,1.91
2019-08-17,AD,CW,1,4,22,45,48,114,6,12,17,12,1.64,2.26,9,1.8,1.6,1.82,1.63,2.02,2,2.4,2.35,-2.5,-9.5,-2.5,-8.5,2.5,2.5,9.5,8.5,1.91,1.91,1.91,1.91,1.91,1.91,1.91,1.91,159.5,158.5,159.5,158.5,1.89,1.91,1.91,1.91,1.89,1.91,1.91,1.91
2019-08-17,BL,GE,2,8,22,45,75,74,10,15,10,14,1.68,2.18,9,1.85,1.68,1.85,1.68,1.97,1.97,2.25,2.25,-1.5,-7.5,-1.5,-7.5,1.5,1.5,7.5,7.5,1.91,1.91,1.91,1.91,1.91,1.91,1.91,1.91,167.5,166.5,172.5,172.5,1.89,1.89,1.91,1.91,1.89,1.89,1.91,1.91
2019-08-17,CA,SK,3,15,22,45,78,68,11,12,10,8,1.98,1.81,8,1.8,1.8,2.02,2.02,2.02,1.83,2.02,1.83,-2.5,-2.5,2.5,2.5,2.5,-2.5,2.5,-2.5,1.91,1.91,1.91,1.91,1.91,1.91,1.91,1.91,162.5,161.5,163.5,163.5,1.89,1.89,1.91,1.91,1.89,1.89,1.91,1.91
2019-08-16,ME,SY,11,16,22,45,42,95,5,12,15,5,1.69,2.15,9,1.91,1.7,1.91,1.7,1.91,1.91,2.22,2.22,-0.5,-5.5,-0.5,-5.5,0.5,0.5,5.5,5.5,1.91,1.91,1.95,1.91,1.91,1.87,1.91,1.91,150.5,150.5,154.5,150.5,1.89,1.89,1.91,1.91,1.89,1.89,1.91,1.91
2019-08-11,WC,AD,18,1,21,44,90,80,13,12,12,8,1.18,4.87,9,1.22,1.17,1.25,1.17,4.35,4,5.4,5.4,-27.5,-31.5,-25.5,-31.5,27.5,25.5,31.5,31.5,1.91,1.91,1.91,1.91,1.91,1.91,1.91,1.91,166.5,166.5,167.5,167.5,1.89,1.89,1.91,1.87,1.89,1.89,1.95,1.95
2019-08-11,RI,CA,14,3,21,44,73,45,11,7,6,9,1.2,4.56,9,1.12,1.12,1.24,1.2,6.25,4.2,6.25,4.8,-37.5,-37.5,-24.5,-26.5,37.5,24.5,37.5,26.5,1.91,1.91,1.91,1.91,1.91,1.91,1.91,1.91,156.5,153.5,156.5,153.5,1.89,1.89,1.89,1.91,1.89,1.89,1.89,1.91
2019-08-11,SK,FR,15,6,21,44,72,69,10,12,10,9,1.48,2.63,8,1.72,1.48,1.78,1.48,2.15,2.05,2.75,2.75,-5.5,-14.5,-3.5,-14.5,5.5,3.5,14.5,14.5,1.91,1.91,1.91,1.91,1.91,1.91,1.91,1.91,165.5,165.5,166.5,166.5,1.89,1.89,1.91,1.91,1.89,1.89,1.91,1.91
2019-08-10,ES,WB,5,17,21,44,33,137,4,9,21,11,2.21,1.65,9,1.58,1.58,2.3,2.25,2.4,1.65,2.4,1.68,-9.5,-9.5,8.5,7.5,9.5,-8.5,9.5,-7.5,1.91,1.91,1.91,1.91,1.91,1.91,1.91,1.91,163.5,163.5,166.5,166.5,1.89,1.89,1.91,1.91,1.89,1.89,1.91,1.91
2019-08-10,GE,NM,8,12,21,44,69,14,9,15,1,8,1.32,3.35,9,1.22,1.22,1.35,1.33,4.35,3.25,4.35,3.5,-27.5,-27.5,-20.5,-20.5,27.5,20.5,27.5,20.5,1.91,1.91,1.91,1.91,1.91,1.91,1.91,1.91,152.5,144.5,152.5,144.5,1.89,1.95,1.89,1.95,1.89,1.87,1.89,1.87
2019-08-10,BL,GC,2,7,21,44,144,53,22,12,8,5,1.02,13.35,9,1.04,1.03,1.05,1.03,11,10,15,15,-49.5,-58.5,-47.5,-58.5,49.5,47.5,58.5,58.5,1.91,1.91,1.91,1.91,1.91,1.91,1.91,1.91,175.5,175.5,179.5,178.5,1.89,1.89,1.91,1.91,1.89,1.89,1.91,1.91
2019-08-10,PA,SY,13,16,21,44,103,56,15,13,7,14,1.32,3.34,9,1.52,1.33,1.52,1.33,2.55,2.55,3.5,3.5,-11.5,-22.5,-11.5,-22.5,11.5,11.5,22.5,22.5,1.91,1.91,1.91,1.91,1.91,1.91,1.91,1.91,147.5,145.5,151.5,151.5,1.89,1.89,1.91,1.91,1.89,1.89,1.91,1.91
2019-08-10,ME,CW,11,4,21,44,53,70,7,11,10,10,2.6,1.49,9,2.6,2.6,3,2.62,1.5,1.4,1.52,1.52,12.5,11.5,15.5,11.5,-12.5,-15.5,-11.5,-11.5,1.91,1.91,1.91,1.91,1.91,1.91,1.91,1.91,152.5,141.5,152.5,141.5,1.89,1.91,1.89,1.91,1.89,1.87,1.89,1.91
2019-08-09,GW,HW,9,10,21,44,29,85,4,5,13,7,1.43,2.78,9,1.33,1.31,1.48,1.44,3.35,2.75,3.5,2.9,-19.5,-21.5,-12.5,-14.5,19.5,12.5,21.5,14.5,1.91,1.91,1.89,1.91,1.91,1.93,1.91,1.91,144.5,134.5,144.5,136.5,1.89,1.91,1.89,1.91,1.89,1.91,1.89,1.91
2019-08-04,BL,WB,2,17,20,43,98,80,14,14,11,14,1.35,3.17,9,1.38,1.28,1.4,1.36,3.1,3,3.75,3.3,-17.5,-22.5,-16.5,-18.5,17.5,16.5,22.5,18.5,1.91,1.91,1.91,1.91,1.91,1.91,1.91,1.91,172.5,172.5,173.5,172.5,1.89,1.87,1.89,1.87,1.89,1.89,1.89,1.95
2019-08-04,CA,WC,3,18,20,43,75,99,11,9,15,9,3.52,1.29,9,3.85,3.2,3.85,3.7,1.27,1.27,1.36,1.3,24.5,17.5,24.5,19.5,-24.5,-24.5,-17.5,-19.5,1.91,1.91,1.91,1.91,1.91,1.91,1.91,1.91,167.5,167.5,168.5,168.5,1.89,1.89,1.91,1.91,1.89,1.89,1.91,1.91
2019-08-04,CW,GC,4,7,20,43,120,51,18,12,8,3,1.09,7.04,9,1.04,1.04,1.17,1.11,11,5.25,11,7.25,-52.5,-52.5,-32.5,-37.5,52.5,32.5,52.5,37.5,1.91,1.91,1.91,1.91,1.91,1.91,1.91,1.91,162.5,162.5,165.5,165.5,1.89,1.89,1.91,1.91,1.89,1.89,1.91,1.91
2019-08-03,AD,SK,1,15,20,43,92,70,14,8,10,10,1.32,3.35,8,1.22,1.22,1.4,1.33,4.35,3,4.35,3.5,-29.5,-29.5,-16.5,-22.5,29.5,16.5,29.5,22.5,1.91,1.91,1.91,1.91,1.91,1.91,1.91,1.91,160.5,159.5,161.5,159.5,1.89,1.89,1.91,1.91,1.89,1.89,1.91,1.91
2019-08-03,ME,RI,11,14,20,43,60,93,9,6,13,15,4.73,1.19,9,3.85,3.85,5,5,1.27,1.18,1.27,1.19,23.5,22.5,29.5,25.5,-23.5,-29.5,-22.5,-25.5,1.91,1.91,1.91,1.91,1.91,1.91,1.91,1.91,162.5,158.5,163.5,158.5,1.89,1.91,1.89,1.91,1.89,1.91,1.89,1.91
2019-08-03,FR,GE,6,8,20,43,95,61,14,11,9,7,3.63,1.28,9,2.75,2.75,3.7,3.7,1.45,1.3,1.45,1.3,14.5,14.5,21.5,21.5,-14.5,-21.5,-14.5,-21.5,1.91,1.91,1.91,1.91,1.91,1.91,1.91,1.91,148.5,142.5,148.5,142.5,1.89,1.95,1.89,1.95,1.89,1.87,1.89,1.87
2019-08-03,GW,SY,9,16,20,43,83,81,12,11,12,9,1.35,3.16,9,1.38,1.28,1.38,1.35,3.1,3.1,3.75,3.35,-17.5,-24.5,-17.5,-19.5,17.5,17.5,24.5,19.5,1.91,1.91,1.91,1.91,1.91,1.91,1.91,1.91,157.5,156.5,158.5,158.5,1.89,1.89,1.91,1.91,1.89,1.89,1.91,1.91
2019-08-03,ES,PA,5,13,20,43,67,126,9,13,19,12,1.63,2.26,9,1.42,1.4,1.65,1.65,2.9,2.3,3,2.3,-15.5,-16.5,-8.5,-8.5,15.5,8.5,16.5,8.5,1.91,1.91,1.91,1.91,1.91,1.91,1.91,1.91,164.5,162.5,166.5,162.5,1.89,1.91,1.91,1.91,1.89,1.91,1.91,1.91
2019-08-02,NM,HW,12,10,20,43,86,64,12,14,9,10,1.78,2.01,9,1.85,1.77,1.91,1.8,1.97,1.91,2.1,2.05,-1.5,-3.5,-1.5,-2.5,1.5,1.5,3.5,2.5,1.91,1.91,1.97,1.91,1.91,1.85,1.91,1.91,162.5,161.5,162.5,161.5,1.89,1.89,1.89,1.91,1.89,1.89,1.89,1.91
2019-07-28,GC,ES,7,5,19,42,96,106,15,6,16,10,5.21,1.16,9,5.25,5.2,7,5.2,1.17,1.1,1.18,1.18,30.5,30.5,39.5,30.5,-30.5,-39.5,-30.5,-30.5,1.91,1.87,1.91,1.87,1.91,1.91,1.95,1.95,162.5,162.5,162.5,162.5,1.89,1.89,1.91,1.91,1.89,1.89,1.91,1.91
2019-07-28,SY,GE,16,8,19,42,80,107,12,8,16,11,2.68,1.46,9,3.1,2.45,3.1,2.68,1.38,1.38,1.56,1.5,17.5,10.5,17.5,12.5,-17.5,-17.5,-10.5,-12.5,1.91,1.91,1.91,1.91,1.91,1.91,1.91,1.91,150.5,150.5,154.5,154.5,1.89,1.89,1.91,1.91,1.89,1.89,1.91,1.91
2019-07-28,WB,FR,17,6,19,42,113,66,16,17,9,12,1.47,2.67,9,1.5,1.48,1.6,1.48,2.6,2.35,2.75,2.75,-12.5,-13.5,-8.5,-13.5,12.5,8.5,13.5,13.5,1.91,1.85,1.91,1.85,1.91,1.91,1.97,1.97,160.5,160.5,162.5,160.5,1.89,1.89,1.89,2,1.89,1.82,1.89,1.82
2019-07-27,PA,GW,13,9,19,42,55,56,7,13,8,8,1.84,1.95,9,2.35,1.8,2.35,1.8,1.6,1.6,2.05,2.05,8.5,-3.5,8.5,-3.5,-8.5,-8.5,3.5,3.5,1.91,1.91,1.91,1.91,1.91,1.91,1.91,1.91,157.5,152.5,157.5,152.5,1.89,1.91,1.89,1.91,1.89,1.91,1.89,1.91
2019-07-27,SK,ME,15,11,19,42,104,85,15,14,13,7,1.94,1.85,8,2.55,1.93,2.55,1.97,1.52,1.52,1.93,1.87,11.5,1.5,11.5,1.5,-11.5,-11.5,-1.5,-1.5,1.91,1.85,1.91,1.91,1.91,1.91,1.97,1.91,168.5,168.5,169.5,168.5,1.89,1.89,1.89,1.91,1.89,1.89,1.89,1.91
2019-07-27,WC,NM,18,12,19,42,121,72,18,13,10,12,1.45,2.73,9,1.2,1.2,1.5,1.48,4.6,2.68,4.6,2.75,-28.5,-28.5,-11.5,-12.5,28.5,11.5,28.5,12.5,1.91,1.91,1.91,1.91,1.91,1.91,1.91,1.91,166.5,165.5,167.5,167.5,1.89,1.89,1.91,1.91,1.89,1.89,1.91,1.91
2019-07-27,CA,AD,3,1,19,42,87,60,13,9,9,6,2.51,1.52,9,2.75,2.45,2.75,2.5,1.45,1.45,1.56,1.56,14.5,9.5,14.5,10.5,-14.5,-14.5,-9.5,-10.5,1.91,1.91,1.91,1.91,1.91,1.91,1.91,1.91,162.5,162.5,163.5,163.5,1.89,1.89,1.91,1.91,1.89,1.89,1.91,1.91
2019-07-27,HW,BL,10,2,19,42,60,87,7,18,13,9,1.79,2.01,9,1.8,1.77,1.95,1.8,2.02,1.87,2.1,2.05,-2.5,-3.5,1.5,-3.5,2.5,-1.5,3.5,3.5,1.91,1.91,1.91,1.91,1.91,1.91,1.91,1.91,157.5,157.5,158.5,158.5,1.89,1.89,1.91,1.91,1.89,1.89,1.91,1.91
2019-07-26,CW,RI,4,14,19,42,66,98,9,12,14,14,2.36,1.58,9,2.35,2.2,2.6,2.45,1.6,1.5,1.7,1.58,7.5,5.5,11.5,9.5,-7.5,-11.5,-5.5,-9.5,1.91,1.91,1.91,1.91,1.91,1.91,1.91,1.91,157.5,143.5,157.5,143.5,1.89,1.91,1.89,1.91,1.89,1.91,1.89,1.91
2019-07-21,SK,WB,15,17,18,41,116,89,17,14,14,5,2.74,1.45,8,3.25,2.7,3.25,2.8,1.35,1.35,1.48,1.47,20.5,14.5,20.5,14.5,-20.5,-20.5,-14.5,-14.5,1.91,1.91,1.91,1.91,1.91,1.91,1.91,1.91,161.5,161.5,161.5,161.5,1.89,1.89,1.91,1.91,1.89,1.89,1.91,1.91
2019-07-21,ME,WC,11,18,18,41,78,91,11,12,14,7,2.6,1.49,9,2.55,2.55,3.1,2.68,1.52,1.38,1.52,1.5,12.5,12.5,18.5,12.5,-12.5,-18.5,-12.5,-12.5,1.91,1.91,1.91,1.91,1.91,1.91,1.91,1.91,165.5,164.5,168.5,166.5,1.89,1.89,1.91,1.91,1.89,1.89,1.91,1.91
2019-07-21,GE,HW,8,10,18,41,61,85,8,13,12,13,1.4,2.95,9,1.3,1.3,1.42,1.4,3.6,2.9,3.6,3.1,-22.5,-23.5,-16.5,-16.5,22.5,16.5,23.5,16.5,1.91,1.91,1.91,1.91,1.91,1.91,1.91,1.91,155.5,154.5,156.5,156.5,1.89,1.89,1.91,1.91,1.89,1.89,1.91,1.91
2019-07-20,FR,SY,6,16,18,41,52,51,7,10,7,9,1.74,2.08,9,1.6,1.6,1.91,1.75,2.35,1.91,2.35,2.15,-9.5,-9.5,1.5,-4.5,9.5,-1.5,9.5,4.5,1.91,1.91,1.87,1.91,1.91,1.95,1.91,1.91,150.5,145.5,150.5,145.5,1.89,1.91,1.89,1.91,1.89,1.91,1.89,1.91
2019-07-20,BL,NM,2,12,18,41,87,75,12,15,12,3,1.41,2.85,9,1.52,1.4,1.52,1.44,2.55,2.55,3,2.9,-12.5,-17.5,-12.5,-14.5,12.5,12.5,17.5,14.5,1.91,1.91,1.91,1.91,1.91,1.91,1.91,1.91,167.5,166.5,169.5,169.5,1.89,1.89,1.91,1.91,1.89,1.89,1.91,1.91
2019-07-20,GW,CW,9,4,18,41,122,75,19,8,11,9,2.04,1.76,9,1.62,1.62,2.15,2.1,2.3,1.75,2.3,1.77,-7.5,-7.5,4.5,3.5,7.5,-4.5,7.5,-3.5,1.91,1.91,1.91,1.91,1.91,1.91,1.91,1.91,160.5,157.5,160.5,157.5,1.89,1.89,1.89,1.91,1.89,1.89,1.89,1.91
2019-07-20,CA,GC,3,7,18,41,99,75,15,9,11,9,1.17,4.94,9,1.38,1.17,1.38,1.17,3.1,3.1,5.4,5.4,-17.5,-35.5,-17.5,-35.5,17.5,17.5,35.5,35.5,1.91,1.91,1.91,1.91,1.91,1.91,1.91,1.91,160.5,159.5,160.5,159.5,1.89,1.91,1.91,1.91,1.89,1.91,1.91,1.91
2019-07-20,RI,PA,14,13,18,41,101,63,15,11,9,9,1.36,3.13,9,1.3,1.25,1.38,1.38,3.6,3.2,4,3.2,-22.5,-26.5,-18.5,-18.5,22.5,18.5,26.5,18.5,1.91,1.91,1.91,1.91,1.91,1.91,1.91,1.91,163.5,159.5,163.5,159.5,1.89,1.91,1.89,1.91,1.89,1.91,1.89,1.91
2019-07-19,AD,ES,1,5,18,41,75,96,10,15,15,6,1.32,3.33,9,1.52,1.33,1.52,1.33,2.55,2.55,3.5,3.5,-12.5,-20.5,-12.5,-20.5,12.5,12.5,20.5,20.5,1.91,1.91,1.91,1.91,1.91,1.91,1.91,1.91,157.5,156.5,158.5,158.5,1.89,1.91,1.91,1.91,1.89,1.91,1.91,1.91
2019-07-14,PA,BL,13,2,17,40,49,97,6,13,14,13,1.43,2.84,9,1.68,1.42,1.7,1.42,2.2,2.18,3,3,-8.5,-15.5,-6.5,-15.5,8.5,6.5,15.5,15.5,1.91,1.91,1.91,1.91,1.91,1.91,1.91,1.91,164.5,162.5,165.5,162.5,1.89,1.91,1.91,1.91,1.89,1.91,1.91,1.91
2019-07-14,WB,ME,17,11,17,40,74,66,10,14,9,12,1.75,2.02,9,1.75,1.5,1.8,1.8,2.1,2.05,2.6,2.05,-4.5,-12.5,-2.5,-2.5,4.5,2.5,12.5,2.5,1.91,1.91,1.91,1.91,1.91,1.91,1.91,1.91,167.5,167.5,168.5,168.5,1.89,1.89,1.91,1.91,1.89,1.89,1.91,1.91
2019-07-14,RI,GW,14,9,17,40,94,67,13,16,9,13,1.45,2.72,9,1.65,1.45,1.68,1.45,2.25,2.2,2.85,2.85,-7.5,-16.5,-6.5,-16.5,7.5,6.5,16.5,16.5,1.91,1.91,1.91,1.91,1.91,1.91,1.91,1.91,159.5,157.5,159.5,157.5,1.89,1.91,1.91,1.91,1.89,1.91,1.91,1.91
2019-07-13,GE,SK,8,15,17,40,84,57,12,12,8,9,1.07,8.07,8,1.06,1.06,1.1,1.1,9.5,8,9.5,8,-50.5,-50.5,-42.5,-42.5,50.5,42.5,50.5,42.5,1.91,1.91,1.91,1.91,1.91,1.91,1.91,1.91,158.5,155.5,158.5,155.5,1.89,1.91,1.91,1.91,1.89,1.91,1.91,1.91
2019-07-13,GC,AD,7,1,17,40,56,151,8,8,23,13,5.49,1.15,9,4.2,4.2,6,6,1.23,1.15,1.23,1.15,28.5,28.5,35.5,35.5,-28.5,-35.5,-28.5,-35.5,1.91,1.91,1.91,1.91,1.91,1.91,1.91,1.91,157.5,155.5,157.5,155.5,1.89,1.91,1.91,1.91,1.89,1.91,1.91,1.91
2019-07-13,ES,NM,5,12,17,40,86,81,12,14,12,9,1.98,1.81,9,1.62,1.62,2.05,2.02,2.3,1.8,2.3,1.83,-8.5,-8.5,2.5,2.5,8.5,-2.5,8.5,-2.5,1.91,1.91,1.91,1.91,1.91,1.91,1.91,1.91,167.5,166.5,167.5,166.5,1.89,1.91,1.91,1.91,1.89,1.91,1.91,1.91
2019-07-13,HW,FR,10,6,17,40,84,53,12,12,8,5,1.43,2.83,9,1.56,1.44,1.56,1.44,2.45,2.45,2.9,2.9,-11.5,-15.5,-10.5,-15.5,11.5,10.5,15.5,15.5,1.91,1.91,1.91,1.91,1.91,1.91,1.91,1.91,156.5,152.5,156.5,152.5,1.89,1.91,1.89,1.91,1.89,1.91,1.89,1.91
2019-07-13,SY,CA,16,3,17,40,62,69,8,14,9,15,1.27,3.7,9,1.35,1.25,1.35,1.25,3.25,3.25,4.15,4.15,-20.5,-26.5,-20.5,-26.5,20.5,20.5,26.5,26.5,1.91,1.91,1.91,1.91,1.91,1.91,1.91,1.91,158.5,157.5,158.5,157.5,1.89,1.91,1.91,1.91,1.89,1.91,1.95,1.91
2019-07-12,WC,CW,18,4,17,40,77,78,12,5,11,12,1.25,3.86,9,1.6,1.27,1.6,1.27,2.35,2.35,4,4,-9.5,-24.5,-9.5,-24.5,9.5,9.5,24.5,24.5,1.91,1.91,1.91,1.91,1.91,1.91,1.91,1.91,158.5,156.5,158.5,156.5,1.89,1.91,1.89,1.91,1.89,1.91,1.89,1.91
2019-07-07,GW,BL,9,2,16,39,74,94,11,8,14,10,1.36,3.12,9,1.3,1.3,1.38,1.36,3.6,3.1,3.6,3.3,-23.5,-23.5,-18.5,-19.5,23.5,18.5,23.5,19.5,1.91,1.91,1.91,1.91,1.91,1.91,1.91,1.91,164.5,164.5,166.5,166.5,1.89,1.89,1.91,1.91,1.89,1.89,1.91,1.91
2019-07-07,NM,SK,12,15,16,39,112,73,17,10,11,7,1.28,3.68,8,1.3,1.25,1.3,1.27,3.6,3.6,4,4,-23.5,-25.5,-23.5,-24.5,23.5,23.5,25.5,24.5,1.91,1.91,1.91,1.91,1.91,1.91,1.91,1.91,163.5,163.5,163.5,163.5,1.89,1.89,1.91,1.91,1.89,1.89,1.91,1.91
2019-07-07,CA,ME,3,11,16,39,100,105,15,10,15,15,2.92,1.4,9,3.2,2.8,3.25,2.9,1.36,1.35,1.44,1.44,19.5,15.5,20.5,15.5,-19.5,-20.5,-15.5,-15.5,1.91,1.91,1.91,1.91,1.91,1.91,1.91,1.91,160.5,153.5,160.5,154.5,1.89,1.89,1.89,1.91,1.89,1.89,1.89,1.91
2019-07-06,FR,WC,6,18,16,39,31,122,2,19,19,8,2.77,1.44,9,3.35,2.75,3.35,2.75,1.33,1.33,1.48,1.48,20.5,13.5,21.5,13.5,-20.5,-21.5,-13.5,-13.5,1.91,1.91,1.91,1.91,1.91,1.91,1.91,1.91,158.5,152.5,158.5,152.5,1.89,1.91,1.89,1.91,1.89,1.91,1.89,1.91
2019-07-06,WB,GE,17,8,16,39,71,55,10,11,7,13,3.66,1.28,9,3.85,3.35,3.85,3.7,1.27,1.27,1.33,1.3,24.5,21.5,24.5,22.5,-24.5,-24.5,-21.5,-22.5,1.91,1.91,1.91,1.91,1.91,1.91,1.91,1.91,166.5,164.5,167.5,164.5,1.89,1.91,1.91,1.91,1.89,1.91,1.91,1.91
2019-07-06,AD,PA,1,13,16,39,44,101,5,14,15,11,1.66,2.21,9,1.68,1.65,1.72,1.68,2.2,2.15,2.25,2.25,-6.5,-7.5,-5.5,-6.5,6.5,5.5,7.5,6.5,1.91,1.91,1.91,1.91,1.91,1.91,1.91,1.91,164.5,159.5,164.5,159.5,1.89,1.89,1.89,1.91,1.89,1.89,1.89,1.91
2019-07-06,GC,RI,7,14,16,39,58,150,9,4,23,12,4.57,1.19,9,4.6,4.5,5.5,5,1.2,1.15,1.22,1.19,30.5,26.5,34.5,27.5,-30.5,-34.5,-26.5,-27.5,1.91,1.91,1.91,1.91,1.91,1.91,1.91,1.91,155.5,148.5,155.5,148.5,1.89,1.89,1.89,1.91,1.89,1.89,1.89,1.91
2019-07-06,ES,SY,5,16,16,39,76,66,11,10,9,12,1.51,2.54,9,1.65,1.48,1.65,1.54,2.25,2.25,2.75,2.55,-7.5,-14.5,-7.5,-10.5,7.5,7.5,14.5,10.5,1.91,1.91,1.91,1.91,1.91,1.91,1.91,1.91,158.5,156.5,160.5,160.5,1.89,1.89,1.91,1.91,1.89,1.89,1.91,1.91
2019-07-05,HW,CW,10,4,16,39,67,63,9,13,9,9,2.65,1.47,9,3.6,2.75,3.6,2.75,1.3,1.3,1.48,1.48,23.5,12.5,23.5,12.5,-23.5,-23.5,-12.5,-12.5,1.91,1.91,1.91,1.91,1.91,1.91,1.91,1.91,158.5,152.5,158.5,155.5,1.89,1.89,1.89,1.91,1.89,1.89,1.89,1.91
2019-06-30,FR,CA,6,3,15,38,75,79,11,9,11,13,1.15,5.57,9,1.21,1.15,1.28,1.16,4.5,3.75,5.6,5.6,-27.5,-36.5,-21.5,-30.5,27.5,21.5,36.5,30.5,1.91,1.91,1.91,1.91,1.91,1.91,1.91,1.91,150.5,145.5,150.5,145.5,1.89,2,1.89,2,1.89,1.82,1.89,1.82
2019-06-30,BL,ME,2,11,15,38,107,74,15,17,11,8,1.51,2.54,9,1.58,1.47,1.58,1.56,2.4,2.4,2.7,2.5,-9.5,-13.5,-9.5,-11.5,9.5,9.5,13.5,11.5,1.91,1.91,1.91,1.91,1.91,1.91,1.91,1.91,169.5,169.5,172.5,172.5,1.89,1.89,1.87,1.87,1.89,1.89,1.95,1.95
2019-06-30,SK,RI,15,14,15,38,70,103,10,10,16,7,3.33,1.33,8,3.6,3.35,4.35,3.5,1.3,1.22,1.33,1.33,21.5,20.5,25.5,20.5,-21.5,-25.5,-20.5,-20.5,1.91,1.91,1.91,1.91,1.91,1.91,1.91,1.91,166.5,165.5,166.5,165.5,1.89,1.89,1.89,1.91,1.89,1.89,1.89,1.91
2019-06-29,PA,WB,13,17,15,38,41,66,5,11,10,6,1.31,3.42,9,1.38,1.28,1.38,1.33,3.1,3.1,3.75,3.5,-17.5,-22.5,-17.5,-19.5,17.5,17.5,22.5,19.5,1.91,1.91,1.91,1.91,1.91,1.91,1.91,1.91,148.5,142.5,148.5,142.5,1.89,1.91,1.89,1.91,1.89,1.91,1.89,1.91
2019-06-29,CW,NM,4,12,15,38,37,81,5,7,11,15,1.33,3.25,9,1.31,1.31,1.36,1.36,3.5,3.2,3.5,3.3,-20.5,-21.5,-17.5,-17.5,20.5,17.5,21.5,17.5,1.91,1.91,1.91,1.91,1.91,1.91,1.91,1.91,166.5,164.5,166.5,164.5,1.89,1.91,1.91,1.91,1.89,1.91,1.91,1.91
2019-06-29,SY,GC,16,7,15,38,93,51,14,9,7,9,1.13,5.67,9,1.19,1.12,1.19,1.12,4.8,4.8,6.25,6.25,-29.5,-35.5,-29.5,-35.5,29.5,29.5,35.5,35.5,1.91,1.91,1.91,1.91,1.91,1.91,1.91,1.91,160.5,157.5,160.5,157.5,1.89,1.91,1.89,1.91,1.89,1.91,1.89,1.91
2019-06-29,HW,WC,10,18,15,38,71,77,9,17,11,11,2.14,1.7,9,2.25,2.15,2.65,2.15,1.65,1.48,1.75,1.75,7.5,4.5,13.5,4.5,-7.5,-13.5,-4.5,-4.5,1.91,1.91,1.91,1.91,1.91,1.91,1.91,1.91,160.5,135.5,160.5,135.5,1.89,1.91,1.89,1.91,1.89,1.91,1.89,1.91
2019-06-28,GE,AD,8,1,15,38,96,69,14,12,10,9,1.25,3.94,9,1.25,1.25,1.33,1.25,4,3.35,4.15,4.15,-24.5,-24.5,-19.5,-22.5,24.5,19.5,24.5,22.5,1.91,1.91,1.91,1.91,1.91,1.91,1.91,1.91,156.5,155.5,156.5,156.5,1.89,1.91,1.91,1.91,1.89,1.91,1.91,1.91
2019-06-27,ES,GW,5,9,15,38,77,71,12,5,10,11,2.25,1.63,9,2.2,2.2,2.68,2.3,1.68,1.48,1.68,1.65,6.5,6.5,13.5,7.5,-6.5,-13.5,-6.5,-7.5,1.91,1.91,1.91,1.91,1.91,1.91,1.91,1.91,168.5,163.5,169.5,163.5,1.89,1.91,1.91,1.91,1.89,1.91,1.91,1.91
2019-06-23,WB,CW,17,4,14,37,73,82,10,13,13,4,3.56,1.29,9,3.6,3.35,4,3.85,1.3,1.25,1.33,1.28,22.5,20.5,24.5,23.5,-22.5,-24.5,-20.5,-23.5,1.91,1.91,1.91,1.91,1.91,1.91,1.91,1.91,170.5,170.5,171.5,171.5,1.89,1.89,1.91,1.91,1.89,1.89,1.91,1.91
2019-06-22,PA,GE,13,8,14,37,67,56,9,13,8,8,2.71,1.45,9,2.65,2.6,2.8,2.75,1.48,1.44,1.52,1.48,13.5,11.5,15.5,12.5,-13.5,-15.5,-11.5,-12.5,1.91,1.91,1.91,1.91,1.91,1.91,1.91,1.91,160.5,158.5,160.5,160.5,1.89,1.91,1.91,1.91,1.89,1.91,1.91,1.91
2019-06-22,SK,BL,15,2,14,37,59,115,8,11,17,13,2.13,1.7,8,2.15,2.1,2.18,2.18,1.72,1.7,1.75,1.72,4.5,4.5,6.5,5.5,-4.5,-6.5,-4.5,-5.5,1.91,1.91,1.91,1.91,1.91,1.91,1.91,1.91,168.5,167.5,169.5,169.5,1.89,1.89,1.91,1.91,1.89,1.89,1.91,1.91
2019-06-22,ME,FR,11,6,14,37,85,71,13,7,11,5,1.57,2.38,9,1.68,1.6,1.8,1.6,2.2,2.02,2.4,2.4,-7.5,-9.5,-2.5,-9.5,7.5,2.5,9.5,9.5,1.91,1.91,1.91,1.91,1.91,1.91,1.91,1.91,160.5,155.5,161.5,155.5,1.89,1.91,1.89,1.91,1.89,1.91,1.89,1.91
2019-06-21,SY,HW,16,10,14,37,82,63,12,10,9,9,1.51,2.54,9,1.68,1.5,1.68,1.52,2.2,2.2,2.62,2.62,-6.5,-12.5,-6.5,-11.5,6.5,6.5,12.5,11.5,1.91,1.91,1.91,1.91,1.91,1.91,1.91,1.91,148.5,147.5,155.5,155.5,1.89,1.89,1.91,1.91,1.89,1.89,1.91,1.91
2019-06-20,WC,ES,18,5,14,37,106,71,14,22,11,5,1.38,3.01,9,1.28,1.27,1.4,1.38,3.75,3.1,3.85,3.2,-24.5,-24.5,-16.5,-16.5,24.5,16.5,24.5,16.5,1.91,1.91,1.91,1.91,1.91,1.91,1.91,1.91,159.5,155.5,160.5,156.5,1.89,1.91,1.89,1.91,1.89,1.91,1.89,1.91
2019-06-16,NM,GW,12,9,13,36,68,91,10,8,14,7,2.54,1.51,9,2.55,2.4,2.55,2.55,1.52,1.52,1.58,1.54,10.5,9.5,12.5,12.5,-10.5,-12.5,-9.5,-12.5,1.91,1.91,1.91,1.91,1.91,1.91,1.91,1.91,166.5,166.5,168.5,168.5,1.89,1.89,1.91,1.91,1.89,1.89,1.91,1.91
2019-06-15,CA,WB,3,17,13,36,100,103,15,10,15,13,2.62,1.49,9,2.7,2.55,2.7,2.62,1.47,1.47,1.54,1.52,13.5,11.5,13.5,11.5,-13.5,-13.5,-11.5,-11.5,1.91,1.91,1.91,1.91,1.91,1.91,1.91,1.91,168.5,165.5,168.5,165.5,1.89,1.91,1.91,1.91,1.89,1.91,1.91,1.91
2019-06-15,FR,PA,6,13,13,36,100,79,15,10,12,7,1.82,1.98,9,1.62,1.62,1.83,1.83,2.3,2.02,2.3,2.02,-7.5,-7.5,-2.5,-2.5,7.5,2.5,7.5,2.5,1.91,1.91,1.91,1.91,1.91,1.91,1.91,1.91,162.5,160.5,162.5,160.5,1.89,1.89,1.89,1.91,1.89,1.89,1.89,1.91
2019-06-15,GC,SK,7,15,13,36,76,80,11,10,11,14,2.47,1.54,8,2.3,2.3,2.55,2.55,1.62,1.54,1.65,1.54,7.5,7.5,11.5,11.5,-7.5,-11.5,-7.5,-11.5,1.91,1.91,1.91,1.91,1.91,1.91,1.91,1.91,161.5,159.5,161.5,160.5,1.89,1.89,1.89,1.91,1.89,1.89,1.89,1.91
2019-06-14,ES,HW,5,10,13,36,96,77,14,12,11,11,1.66,2.21,9,1.75,1.65,1.78,1.65,2.1,2.05,2.3,2.3,-2.5,-7.5,-2.5,-7.5,2.5,2.5,7.5,7.5,1.91,1.91,1.91,1.91,1.91,1.91,1.91,1.91,162.5,157.5,162.5,157.5,1.89,1.91,1.89,1.91,1.89,1.91,1.89,1.91
2019-06-13,AD,RI,1,14,13,36,101,68,15,11,9,14,1.21,4.48,9,1.78,1.2,1.78,1.2,2.05,2.05,4.8,4.8,-2.5,-31.5,-2.5,-31.5,2.5,2.5,31.5,31.5,1.91,1.91,1.91,1.91,1.91,1.91,1.91,1.91,155.5,150.5,155.5,154.5,1.89,1.89,1.89,1.89,1.89,1.89,1.89,1.89
2019-06-10,CW,ME,4,11,12,35,98,57,15,8,7,15,1.43,2.8,9,1.33,1.33,1.42,1.42,3.35,2.9,3.35,3,-21.5,-21.5,-15.5,-15.5,21.5,15.5,21.5,15.5,1.91,1.91,1.91,1.91,1.91,1.91,1.91,1.91,161.5,153.5,162.5,162.5,1.89,1.89,1.91,1.91,1.89,1.89,1.91,1.91
2019-06-09,SY,WC,16,18,12,35,116,71,18,8,10,11,1.88,1.9,9,2.55,1.8,2.55,1.9,1.52,1.52,2.05,1.95,11.5,-1.5,11.5,-1.5,-11.5,-11.5,1.5,1.5,1.91,1.89,1.91,1.97,1.91,1.91,1.93,1.85,158.5,156.5,158.5,156.5,1.89,1.89,1.89,1.91,1.89,1.89,1.89,1.91
2019-06-08,AD,GW,1,9,12,35,82,61,12,10,9,7,1.86,1.93,9,2.18,1.8,2.35,1.8,1.7,1.6,2.05,2.05,5.5,-3.5,8.5,-3.5,-5.5,-8.5,3.5,3.5,1.91,1.85,1.91,1.85,1.91,1.91,1.97,1.97,164.5,162.5,164.5,162.5,1.89,1.89,1.89,1.89,1.89,1.89,1.89,1.89
2019-06-08,GC,NM,7,12,12,35,72,99,11,6,14,15,3.17,1.35,9,2.18,2.18,3.35,3.2,1.7,1.33,1.7,1.38,5.5,5.5,21.5,17.5,-5.5,-21.5,-5.5,-17.5,1.91,1.91,1.91,1.91,1.91,1.91,1.91,1.91,149.5,136.5,149.5,136.5,1.89,1.89,1.89,1.89,1.89,1.89,1.89,1.89
2019-06-08,CA,BL,3,2,12,35,78,63,11,12,9,9,2.8,1.43,9,2.6,2.6,3.1,2.8,1.5,1.38,1.5,1.47,12.5,12.5,17.5,14.5,-12.5,-17.5,-12.5,-14.5,1.91,1.91,1.91,1.91,1.91,1.91,1.91,1.91,169.5,168.5,172.5,172.5,1.89,1.89,1.89,1.89,1.89,1.89,1.89,1.89
2019-06-07,RI,GE,14,8,12,35,37,104,5,7,16,8,2.91,1.41,9,2.1,2.1,3,3,1.75,1.42,1.75,1.42,4.5,4.5,15.5,14.5,-4.5,-15.5,-4.5,-14.5,1.91,1.91,1.91,1.91,1.91,1.91,1.91,1.91,162.5,159.5,163.5,163.5,1.89,1.91,1.91,1.91,1.89,1.91,1.91,1.91
2019-06-02,WC,WB,18,17,11,34,133,72,21,7,10,12,1.23,4.14,9,1.21,1.21,1.25,1.24,4.5,4,4.5,4.25,-28.5,-28.5,-22.5,-25.5,28.5,22.5,28.5,25.5,1.91,1.91,1.91,1.91,1.91,1.91,1.91,1.91,163.5,162.5,165.5,165.5,1.89,1.91,1.91,1.91,1.89,1.91,1.91,1.91
2019-06-02,ES,CA,5,3,11,34,74,33,11,8,4,9,1.41,2.87,9,1.25,1.25,1.5,1.42,4,2.6,4,3,-26.5,-26.5,-13.5,-16.5,26.5,13.5,26.5,16.5,1.91,1.91,1.91,1.91,1.91,1.91,1.91,1.91,156.5,149.5,156.5,149.5,1.89,1.91,1.89,1.91,1.89,1.91,1.89,1.91
2019-06-02,SK,PA,15,13,11,34,69,139,9,15,22,7,3.17,1.35,8,3.6,2.5,3.7,3.35,1.3,1.3,1.54,1.35,22.5,11.5,24.5,20.5,-22.5,-24.5,-11.5,-20.5,1.91,1.91,1.91,1.91,1.91,1.91,1.91,1.91,159.5,154.5,159.5,156.5,1.89,1.89,1.89,1.91,1.89,1.89,1.89,1.91
2019-06-01,ME,AD,11,1,11,34,88,90,12,16,14,6,2.4,1.56,9,1.75,1.75,2.5,2.45,2.1,1.56,2.1,1.58,-3.5,-3.5,10.5,9.5,3.5,-10.5,3.5,-9.5,1.91,1.91,1.91,1.91,1.91,1.91,1.91,1.91,161.5,160.5,161.5,161.5,1.89,1.89,1.89,1.89,1.89,1.89,1.89,1.89
2019-06-01,BL,HW,2,10,11,34,85,66,12,13,10,6,1.63,2.26,9,1.65,1.62,1.7,1.63,2.25,2.18,2.35,2.35,-6.5,-8.5,-4.5,-8.5,6.5,4.5,8.5,8.5,1.91,1.91,1.91,1.91,1.91,1.91,1.91,1.91,168.5,168.5,170.5,168.5,1.89,1.89,1.89,1.89,1.89,1.89,1.89,1.89
2019-06-01,GE,SY,8,16,11,34,85,63,13,7,8,15,1.16,5.15,9,1.14,1.14,1.18,1.17,5.75,5,5.75,5.4,-36.5,-36.5,-29.5,-31.5,36.5,29.5,36.5,31.5,1.91,1.91,1.91,1.91,1.91,1.91,1.91,1.91,160.5,158.5,160.5,159.5,1.89,1.89,1.89,1.89,1.89,1.89,1.89,1.89
2019-06-01,CW,FR,4,6,11,34,75,79,11,9,11,13,1.15,5.42,9,1.21,1.15,1.21,1.15,4.5,4.5,6,6,-27.5,-34.5,-27.5,-34.5,27.5,27.5,34.5,34.5,1.91,1.91,1.91,1.91,1.91,1.91,1.91,1.91,160.5,159.5,160.5,159.5,1.89,1.89,1.89,1.89,1.89,1.89,1.95,1.89
2019-06-01,GW,GC,9,7,11,34,126,43,19,12,6,7,1.04,10.71,9,1.09,1.04,1.09,1.04,7.5,7.5,13,13,-41.5,-52.5,-41.5,-52.5,41.5,41.5,52.5,52.5,1.91,1.91,1.91,1.91,1.91,1.91,1.91,1.91,159.5,155.5,159.5,156.5,1.89,1.85,1.89,1.89,1.89,1.89,1.89,1.89
2019-05-31,NM,RI,12,14,11,34,99,62,15,9,9,8,3.01,1.38,9,3.35,3,4,3.1,1.33,1.25,1.42,1.4,19.5,15.5,23.5,15.5,-19.5,-23.5,-15.5,-15.5,1.91,1.91,1.91,1.91,1.91,1.91,1.91,1.91,170.5,169.5,170.5,169.5,1.89,1.91,1.91,1.91,1.89,1.91,1.91,1.91
2019-05-26,FR,BL,6,2,10,33,73,72,10,13,10,12,1.68,2.17,9,1.58,1.58,1.78,1.7,2.4,2.05,2.4,2.22,-9.5,-9.5,-3.5,-6.5,9.5,3.5,9.5,6.5,1.91,1.91,1.91,1.91,1.91,1.91,1.91,1.91,173.5,172.5,173.5,173.5,1.89,1.89,1.89,1.89,1.89,1.89,1.89,1.89
2019-05-26,SK,CA,15,3,10,33,68,55,9,14,8,7,1.5,2.57,8,1.56,1.38,1.58,1.48,2.45,2.4,3.1,2.75,-9.5,-18.5,-9.5,-13.5,9.5,9.5,18.5,13.5,1.91,1.91,1.91,1.91,1.91,1.91,1.91,1.91,163.5,163.5,167.5,166.5,1.89,1.89,1.89,1.89,1.89,1.89,1.89,1.89
2019-05-26,ME,GW,11,9,10,33,68,94,10,8,14,10,2.48,1.54,9,2.15,2.02,2.62,2.55,1.72,1.5,1.8,1.54,4.5,2.5,12.5,11.5,-4.5,-12.5,-2.5,-11.5,1.91,1.91,1.91,1.91,1.91,1.91,1.91,1.91,165.5,162.5,165.5,163.5,1.89,1.89,1.89,1.89,1.89,1.89,1.89,1.89
2019-05-25,GC,GE,7,8,10,33,64,91,9,10,13,13,6.24,1.12,9,5.5,5.5,7.25,7.25,1.15,1.11,1.15,1.11,34.5,32.5,36.5,36.5,-34.5,-36.5,-32.5,-36.5,1.91,1.91,1.91,1.91,1.91,1.91,1.91,1.91,154.5,154.5,155.5,155.5,1.89,1.89,1.91,1.91,1.89,1.89,1.91,1.91
2019-05-25,RI,ES,14,5,10,33,73,50,10,13,6,14,1.63,2.26,9,1.58,1.4,1.68,1.68,2.4,2.25,3,2.25,-9.5,-15.5,-6.5,-7.5,9.5,6.5,15.5,7.5,1.91,1.91,1.91,1.91,1.91,1.91,1.91,1.91,159.5,142.5,159.5,142.5,1.89,1.91,1.89,1.91,1.89,1.91,1.89,1.91
2019-05-25,AD,WC,1,18,10,33,73,85,10,13,13,7,1.55,2.43,9,1.7,1.54,1.87,1.54,2.18,1.95,2.55,2.55,-5.5,-12.5,-1.5,-12.5,5.5,1.5,12.5,12.5,1.91,1.91,1.95,1.91,1.91,1.87,1.91,1.91,156.5,150.5,156.5,153.5,1.89,1.89,1.89,1.91,1.89,1.89,1.89,1.91
2019-05-25,WB,NM,17,12,10,33,90,115,13,12,18,7,1.6,2.31,9,1.65,1.54,1.68,1.6,2.25,2.2,2.5,2.4,-7.5,-10.5,-6.5,-8.5,7.5,6.5,10.5,8.5,1.91,1.91,1.91,1.91,1.91,1.91,1.91,1.91,168.5,168.5,172.5,172.5,1.89,1.89,1.91,1.91,1.89,1.89,1.91,1.91
2019-05-25,HW,PA,10,13,10,33,80,49,12,8,6,13,1.7,2.14,9,1.58,1.58,1.78,1.68,2.4,2.05,2.4,2.25,-9.5,-9.5,-3.5,-7.5,9.5,3.5,9.5,7.5,1.91,1.91,1.91,1.91,1.91,1.91,1.91,1.91,161.5,155.5,161.5,155.5,1.89,1.91,1.89,1.91,1.89,1.91,1.89,1.91
2019-05-24,SY,CW,16,4,10,33,73,80,11,7,11,14,2.77,1.44,8,3.6,2.6,3.6,2.85,1.3,1.3,1.5,1.45,21.5,12.5,21.5,14.5,-21.5,-21.5,-12.5,-14.5,1.91,1.91,1.91,1.91,1.91,1.91,1.91,1.91,165.5,162.5,165.5,162.5,1.89,1.89,1.89,1.91,1.89,1.89,1.89,1.91
2019-05-19,GW,CA,9,3,9,32,138,45,20,18,7,3,1.1,6.73,9,1.05,1.05,1.13,1.11,10,6,10,7.25,-48.5,-48.5,-35.5,-39.5,48.5,35.5,48.5,39.5,1.91,1.91,1.91,1.91,1.91,1.91,1.91,1.91,165.5,165.5,167.5,167.5,1.89,1.89,1.91,1.91,1.89,1.89,1.91,1.91
2019-05-19,RI,HW,14,10,9,32,95,59,14,11,8,11,1.74,2.07,9,1.44,1.44,1.8,1.8,2.8,2.05,2.8,2.05,-14.5,-14.5,-3.5,-3.5,14.5,3.5,14.5,3.5,1.91,1.91,1.91,1.91,1.91,1.91,1.91,1.91,165.5,164.5,166.5,166.5,1.89,1.89,1.91,1.91,1.89,1.89,1.91,1.91
2019-05-19,PA,GC,13,7,9,32,89,51,13,11,7,9,1.2,4.52,9,1.17,1.15,1.22,1.22,5.25,4.5,5.6,4.5,-31.5,-35.5,-28.5,-29.5,31.5,28.5,35.5,29.5,1.91,1.91,1.91,1.91,1.91,1.91,1.91,1.91,143.5,136.5,143.5,136.5,1.89,1.91,1.89,1.91,1.89,1.91,1.89,1.91
2019-05-18,ES,FR,5,6,9,32,60,53,8,12,7,11,1.44,2.78,9,1.33,1.33,1.5,1.48,3.35,2.65,3.35,2.75,-19.5,-19.5,-14.5,-14.5,19.5,14.5,19.5,14.5,1.91,1.91,1.91,1.91,1.91,1.91,1.91,1.91,166.5,165.5,166.5,165.5,1.89,1.89,1.89,1.91,1.89,1.89,1.89,1.91
2019-05-18,NM,SY,12,16,9,32,72,77,10,12,11,11,1.41,2.93,9,1.56,1.36,1.78,1.36,2.45,2.05,3.3,3.3,-9.5,-21.5,-3.5,-21.5,9.5,3.5,21.5,21.5,1.91,1.91,1.91,1.91,1.91,1.91,1.91,1.91,167.5,163.5,167.5,163.5,1.89,1.91,1.89,1.91,1.89,1.91,1.89,1.91
2019-05-18,GE,WB,8,17,9,32,133,89,21,7,13,11,1.2,4.53,9,1.2,1.19,1.22,1.22,4.6,4.35,4.8,4.5,-29.5,-32.5,-27.5,-29.5,29.5,27.5,32.5,29.5,1.91,1.91,1.91,1.91,1.91,1.91,1.91,1.91,158.5,158.5,160.5,160.5,1.89,1.89,1.91,1.91,1.89,1.89,1.91,1.91
2019-05-18,BL,AD,2,1,9,32,93,92,13,15,13,14,1.73,2.08,9,1.82,1.72,1.82,1.75,2,2,2.15,2.15,-1.5,-5.5,-1.5,-5.5,1.5,1.5,5.5,5.5,1.91,1.91,1.91,1.91,1.91,1.91,1.91,1.91,175.5,172.5,176.5,176.5,1.89,1.89,1.91,1.91,1.89,1.89,1.91,1.91
2019-05-18,CW,SK,4,15,9,32,112,71,17,10,10,11,1.23,4.09,8,1.14,1.14,1.28,1.24,5.75,3.85,5.75,4.25,-34.5,-34.5,-24.5,-24.5,34.5,24.5,34.5,24.5,1.91,1.91,1.91,1.91,1.91,1.91,1.91,1.91,163.5,163.5,165.5,165.5,1.89,1.89,1.91,1.91,1.89,1.89,1.91,1.91
2019-05-17,WC,ME,18,11,9,32,85,69,13,7,9,15,1.27,3.72,9,1.3,1.25,1.33,1.28,3.6,3.5,4,3.85,-21.5,-25.5,-20.5,-24.5,21.5,20.5,25.5,24.5,1.91,1.91,1.91,1.91,1.91,1.91,1.91,1.91,154.5,154.5,157.5,157.5,1.89,1.89,1.91,1.91,1.89,1.89,1.91,1.91
2019-05-12,FR,RI,6,14,8,31,86,111,12,14,17,9,1.6,2.32,9,2.45,1.6,2.45,1.6,1.56,1.56,2.4,2.4,10.5,-9.5,10.5,-8.5,-10.5,-10.5,9.5,8.5,1.91,1.93,1.91,1.91,1.91,1.91,1.89,1.91,153.5,153.5,156.5,156.5,1.89,1.89,1.91,1.91,1.89,1.89,1.91,1.91
2019-05-12,HW,GW,10,9,8,31,71,38,10,11,5,8,2.32,1.61,9,2.25,2.2,2.8,2.3,1.65,1.44,1.68,1.65,6.5,6.5,15.5,6.5,-6.5,-15.5,-6.5,-6.5,1.91,1.91,1.91,1.91,1.91,1.91,1.91,1.91,173.5,170.5,173.5,170.5,1.89,1.91,1.89,1.91,1.89,1.91,1.89,1.91
2019-05-12,NM,GE,12,8,8,31,80,104,11,14,16,8,3.72,1.27,9,4.6,3.25,4.6,4,1.2,1.2,1.35,1.27,26.5,20.5,26.5,24.5,-26.5,-26.5,-20.5,-24.5,1.91,1.91,1.91,1.91,1.91,1.91,1.91,1.91,169.5,168.5,171.5,171.5,1.89,1.89,1.91,1.91,1.89,1.89,1.91,1.91
2019-05-11,PA,AD,13,1,8,31,68,88,9,14,13,10,2.27,1.62,9,2.1,2.02,2.35,2.25,1.75,1.6,1.8,1.68,4.5,2.5,7.5,7.5,-4.5,-7.5,-2.5,-7.5,1.91,1.91,1.91,1.91,1.91,1.91,1.91,1.91,162.5,162.5,163.5,162.5,1.89,1.89,1.89,1.91,1.89,1.89,1.89,1.91
2019-05-11,SK,WC,15,18,8,31,70,88,10,10,12,16,2.03,1.78,8,3.1,2.1,3.1,2.1,1.38,1.38,1.77,1.77,16.5,3.5,17.5,3.5,-16.5,-17.5,-3.5,-3.5,1.91,1.91,1.91,1.91,1.91,1.91,1.91,1.91,165.5,162.5,165.5,162.5,1.89,1.91,1.89,1.91,1.89,1.91,1.89,1.91
2019-05-11,GC,ME,7,11,8,31,60,61,9,6,8,13,3,1.38,9,3.25,2.8,3.25,3.1,1.35,1.35,1.44,1.4,19.5,15.5,20.5,18.5,-19.5,-20.5,-15.5,-18.5,1.91,1.91,1.91,1.91,1.91,1.91,1.91,1.91,161.5,160.5,161.5,160.5,1.89,1.89,1.89,1.91,1.89,1.89,1.89,1.91
2019-05-11,CA,CW,3,4,8,31,87,106,13,9,16,10,6.56,1.11,9,5.75,5.75,8.5,7.25,1.14,1.07,1.14,1.11,36.5,36.5,46.5,37.5,-36.5,-46.5,-36.5,-37.5,1.91,1.91,1.91,1.91,1.91,1.91,1.91,1.91,165.5,163.5,165.5,164.5,1.89,1.89,1.89,1.91,1.89,1.89,1.89,1.91
2019-05-11,WB,BL,17,2,8,31,92,76,13,14,11,10,1.65,2.22,9,1.75,1.54,1.75,1.68,2.1,2.1,2.5,2.25,-4.5,-10.5,-4.5,-6.5,4.5,4.5,10.5,6.5,1.91,1.91,1.91,1.91,1.91,1.91,1.91,1.91,163.5,159.5,163.5,162.5,1.89,1.89,1.89,1.91,1.89,1.89,1.89,1.91
2019-05-10,SY,ES,16,5,8,31,77,72,11,11,10,12,2.7,1.46,9,2.3,2.3,2.75,2.75,1.62,1.45,1.62,1.48,7.5,7.5,13.5,13.5,-7.5,-13.5,-7.5,-13.5,1.91,1.91,1.91,1.91,1.91,1.91,1.91,1.91,163.5,159.5,165.5,163.5,1.89,1.91,1.89,1.91,1.89,1.91,1.89,1.91
2019-05-05,AD,FR,1,6,7,30,51,34,7,9,5,4,1.32,3.38,9,1.36,1.3,1.38,1.35,3.2,3.1,3.6,3.35,-18.5,-21.5,-18.5,-21.5,18.5,18.5,21.5,21.5,1.91,1.91,1.91,1.91,1.91,1.91,1.91,1.91,163.5,163.5,167.5,167.5,1.89,1.89,1.91,1.91,1.89,1.89,1.91,1.91
2019-05-05,GE,ES,8,5,7,30,86,54,13,8,7,12,1.62,2.29,9,1.58,1.47,1.63,1.63,2.4,2.3,2.7,2.35,-8.5,-14.5,-7.5,-10.5,8.5,7.5,14.5,10.5,1.91,1.91,1.91,1.91,1.91,1.91,1.91,1.91,171.5,171.5,173.5,173.5,1.89,1.89,1.91,1.91,1.89,1.89,1.91,1.91
2019-05-05,CA,NM,3,12,7,30,62,120,8,14,18,12,2.56,1.5,9,2.55,1.82,2.68,2.68,1.52,1.5,2,1.5,10.5,-2.5,14.5,14.5,-10.5,-14.5,2.5,-14.5,1.91,1.91,1.91,1.91,1.91,1.91,1.91,1.91,162.5,162.5,164.5,164.5,1.89,1.89,1.91,1.91,1.89,1.89,1.91,1.91
2019-05-04,WC,GC,18,7,7,30,80,57,11,14,8,9,1.06,9.05,9,1.04,1.03,1.08,1.07,11,8.5,12,10,-51.5,-54.5,-45.5,-45.5,51.5,45.5,54.5,45.5,1.91,1.91,1.91,1.91,1.91,1.91,1.91,1.91,153.5,150.5,156.5,156.5,1.89,1.89,1.91,1.91,1.89,1.89,1.91,1.91
2019-05-04,WB,RI,17,14,7,30,99,52,15,9,7,10,2.85,1.42,9,3.85,2.8,4.2,2.85,1.27,1.23,1.47,1.45,22.5,14.5,26.5,14.5,-22.5,-26.5,-14.5,-14.5,1.91,1.91,1.91,1.91,1.91,1.91,1.91,1.91,162.5,162.5,164.5,164.5,1.89,1.89,1.91,1.91,1.89,1.89,1.91,1.91
2019-05-04,BL,SY,2,16,7,30,103,81,14,19,12,9,1.39,2.97,9,1.62,1.38,1.62,1.42,2.3,2.3,3.1,3,-7.5,-18.5,-7.5,-17.5,7.5,7.5,18.5,17.5,1.91,1.91,1.91,1.91,1.91,1.91,1.91,1.91,168.5,157.5,168.5,158.5,1.89,1.91,1.89,1.91,1.89,1.91,1.89,1.91
2019-05-04,GW,SK,9,15,7,30,114,70,18,6,10,10,1.27,3.74,8,1.27,1.21,1.28,1.27,3.85,3.75,4.5,4,-23.5,-31.5,-23.5,-24.5,23.5,23.5,31.5,24.5,1.91,1.91,1.91,1.91,1.91,1.91,1.91,1.91,161.5,161.5,167.5,167.5,1.89,1.89,1.91,1.91,1.89,1.89,1.91,1.91
2019-05-04,ME,HW,11,10,7,30,79,74,11,13,11,8,2.18,1.68,9,1.72,1.72,2.25,2.25,2.15,1.68,2.15,1.68,-4.5,-4.5,6.5,6.5,4.5,-6.5,4.5,-6.5,1.91,1.91,1.91,1.91,1.91,1.91,1.91,1.91,167.5,161.5,167.5,161.5,1.89,1.91,1.89,1.91,1.89,1.91,1.89,1.91
2019-05-03,CW,PA,4,13,7,30,108,69,15,18,10,9,1.31,3.47,9,1.31,1.28,1.38,1.28,3.5,3.1,3.85,3.85,-21.5,-23.5,-17.5,-22.5,21.5,17.5,23.5,22.5,1.91,1.91,1.91,1.91,1.91,1.91,1.91,1.91,164.5,164.5,167.5,167.5,1.89,1.89,1.91,1.91,1.89,1.89,1.91,1.91
2019-04-28,GE,WC,8,18,6,29,104,46,15,14,7,4,1.31,3.4,9,1.62,1.3,1.62,1.3,2.3,2.3,3.7,3.7,-7.5,-23.5,-7.5,-23.5,7.5,7.5,23.5,23.5,1.91,1.91,1.91,1.91,1.91,1.91,1.91,1.91,165.5,160.5,165.5,161.5,1.89,1.89,1.89,1.91,1.89,1.89,1.89,1.91
2019-04-28,HW,CA,10,3,6,29,93,88,13,15,13,10,1.31,3.36,9,1.19,1.19,1.38,1.3,4.8,3.2,4.8,3.7,-30.5,-30.5,-18.5,-21.5,30.5,18.5,30.5,21.5,1.91,1.91,1.91,1.91,1.91,1.91,1.91,1.91,163.5,163.5,165.5,163.5,1.89,1.89,1.91,1.91,1.89,1.89,1.91,1.91
2019-04-27,FR,WB,6,17,6,29,88,69,13,10,9,15,1.42,2.84,9,1.65,1.38,1.65,1.44,2.25,2.25,3.1,2.9,-6.5,-18.5,-6.5,-15.5,6.5,6.5,18.5,15.5,1.91,1.91,1.91,1.91,1.91,1.91,1.91,1.91,165.5,164.5,166.5,166.5,1.89,1.89,1.91,1.91,1.89,1.89,1.91,1.91
2019-04-27,SY,GW,16,9,6,29,79,120,12,7,18,12,2.97,1.39,9,2.55,2.25,3.2,3.2,1.52,1.38,1.65,1.38,11.5,8.5,18.5,18.5,-11.5,-18.5,-8.5,-18.5,1.91,1.91,1.91,1.91,1.91,1.91,1.91,1.91,164.5,161.5,164.5,161.5,1.89,1.91,1.89,1.91,1.89,1.91,1.89,1.91
2019-04-27,SK,AD,15,1,6,29,68,97,10,8,15,7,1.8,2.01,8,2.35,1.8,2.35,1.8,1.6,1.6,2.05,2.05,8.5,-2.5,8.5,-2.5,-8.5,-8.5,2.5,2.5,1.91,1.91,1.91,1.91,1.91,1.91,1.91,1.91,168.5,168.5,169.5,168.5,1.89,1.89,1.91,1.91,1.89,1.89,1.91,1.91
2019-04-27,GC,BL,7,2,6,29,62,111,9,8,16,15,2.91,1.4,9,2.8,2.45,3.1,3,1.44,1.4,1.56,1.42,15.5,10.5,17.5,17.5,-15.5,-17.5,-10.5,-17.5,1.91,1.91,1.91,1.91,1.91,1.91,1.91,1.91,174.5,170.5,174.5,170.5,1.89,1.91,1.89,1.91,1.89,1.91,1.89,1.91
2019-04-26,PA,NM,13,12,6,29,88,72,12,16,11,6,1.25,3.99,9,1.5,1.22,1.5,1.24,2.6,2.6,4.5,4.25,-12.5,-27.5,-12.5,-26.5,12.5,12.5,27.5,26.5,1.91,1.91,1.91,1.91,1.91,1.91,1.91,1.91,173.5,169.5,173.5,169.5,1.89,1.91,1.89,1.91,1.89,1.91,1.89,1.91
2019-04-25,ES,CW,5,4,6,29,69,73,10,9,10,13,2.53,1.52,9,2.75,2.3,2.75,2.62,1.45,1.45,1.63,1.52,14.5,8.5,14.5,12.5,-14.5,-14.5,-8.5,-12.5,1.91,1.91,1.91,1.91,1.91,1.91,1.91,1.91,168.5,168.5,176.5,175.5,1.89,1.89,1.91,1.91,1.89,1.89,1.91,1.91
2019-04-24,RI,ME,14,11,6,29,85,42,12,13,6,6,1.48,2.64,8,1.72,1.38,1.72,1.5,2.15,2.15,3.1,2.68,-4.5,-16.5,-4.5,-13.5,4.5,4.5,16.5,13.5,1.91,1.82,1.91,1.91,1.91,1.91,2,1.91,166.5,166.5,173.5,173.5,1.89,1.89,1.91,1.91,1.89,1.89,1.91,1.91
2019-04-22,HW,GE,10,8,5,28,90,113,13,12,17,11,2.65,1.48,9,2.55,2.4,2.9,2.68,1.52,1.42,1.58,1.5,11.5,9.5,15.5,12.5,-11.5,-15.5,-9.5,-12.5,1.9,1.91,1.91,1.91,1.9,1.91,1.91,1.91,166.5,162.5,166.5,163.5,1.89,1.89,1.89,1.91,1.89,1.89,1.89,1.91
2019-04-21,AD,GC,1,7,5,28,119,46,18,11,6,10,1.18,4.82,9,1.09,1.09,1.21,1.19,7.5,4.5,7.5,5,-40.5,-40.5,-27.5,-34.5,40.5,27.5,40.5,34.5,1.9,1.9,1.91,1.91,1.9,1.91,1.91,1.91,143.5,143.5,159.5,159.5,1.89,1.89,1.91,1.91,1.89,1.89,1.91,1.91
2019-04-21,WB,CA,17,3,5,28,57,101,7,15,15,11,1.36,3.14,9,1.38,1.38,1.42,1.38,3.1,3,3.2,3.2,-17.5,-19.5,-16.5,-19.5,17.5,16.5,19.5,19.5,1.9,1.91,1.91,1.91,1.9,1.91,1.91,1.91,155.5,155.5,160.5,160.5,1.89,1.89,1.91,1.91,1.89,1.89,1.91,1.91
2019-04-20,RI,SY,14,16,5,28,89,67,13,11,10,7,1.45,2.75,9,1.82,1.42,1.82,1.48,2,2,2.9,2.75,-2.5,-16.5,-2.5,-13.5,2.5,2.5,16.5,13.5,1.91,1.91,1.91,1.91,1.91,1.91,1.91,1.91,165.5,165.5,169.5,169.5,1.89,1.89,1.91,1.91,1.89,1.89,1.91,1.91
2019-04-20,ME,SK,11,15,5,28,55,95,7,13,15,5,1.42,2.88,8,1.23,1.23,1.45,1.45,4.2,2.8,4.2,2.85,-25.5,-25.5,-15.5,-15.5,25.5,15.5,25.5,15.5,1.9,1.9,1.91,1.91,1.9,1.91,1.91,1.91,164.5,164.5,173.5,173.5,1.89,1.89,1.91,1.91,1.89,1.89,1.91,1.91
2019-04-20,GW,FR,9,6,5,28,82,106,11,16,16,10,1.14,5.57,9,1.17,1.12,1.2,1.13,5.25,4.6,6.5,6.5,-30.5,-37.5,-30.5,-35.5,30.5,30.5,37.5,35.5,1.9,1.91,1.91,1.91,1.9,1.9,1.91,1.91,154.5,154.5,163.5,163.5,1.89,1.89,1.91,1.91,1.89,1.89,1.91,1.91
2019-04-19,WC,PA,18,13,5,28,53,95,8,5,13,17,1.25,3.89,9,1.2,1.2,1.3,1.3,4.6,3.7,4.6,3.7,-29.5,-30.5,-22.5,-22.5,29.5,22.5,30.5,22.5,1.9,1.91,1.91,1.91,1.9,1.91,1.91,1.91,150.5,146.5,155.5,147.5,1.89,1.91,1.89,1.91,1.89,1.91,1.89,1.91
2019-04-19,NM,ES,12,5,5,28,58,116,7,16,17,14,2.19,1.67,9,2.35,2.15,2.55,2.22,1.6,1.52,1.72,1.7,8.5,5.5,11.5,5.5,-8.5,-11.5,-5.5,-5.5,1.9,1.91,1.91,1.91,1.9,1.91,1.91,1.91,172.5,172.5,179.5,179.5,1.89,1.89,1.91,1.91,1.89,1.89,1.91,1.91
2019-04-18,BL,CW,2,4,5,28,61,123,8,13,18,15,2.25,1.64,9,2.4,2.25,2.45,2.25,1.58,1.56,1.68,1.68,9.5,7.5,10.5,7.5,-9.5,-10.5,-7.5,-7.5,1.9,1.91,1.91,1.91,1.9,1.91,1.91,1.91,162.5,162.5,173.5,173.5,1.89,1.89,1.91,1.91,1.89,1.89,1.91,1.91
2019-04-14,SK,HW,15,10,4,27,74,69,10,14,10,9,2.64,1.47,8,3.25,2.62,3.25,2.62,1.35,1.35,1.52,1.52,19.5,12.5,19.5,12.5,-19.5,-19.5,-12.5,-12.5,1.9,1.91,1.9,1.91,1.9,1.9,1.91,1.91,169.5,169.5,170.5,170.5,1.89,1.89,1.91,1.91,1.89,1.89,1.91,1.91
2019-04-14,GC,CA,7,3,4,27,59,57,8,11,8,9,1.71,2.13,9,1.85,1.56,2.05,1.7,1.97,1.78,2.45,2.22,-1.5,-10.5,3.5,-5.5,1.5,-3.5,10.5,5.5,1.9,1.91,1.9,1.91,1.9,1.9,1.91,1.91,158.5,158.5,161.5,160.5,1.89,1.89,1.89,1.91,1.89,1.89,1.89,1.91
2019-04-13,WC,FR,18,6,4,27,69,56,10,9,7,14,1.12,6.03,9,1.31,1.12,1.31,1.12,3.5,3.5,6.75,6.75,-23.5,-38.5,-23.5,-38.5,23.5,23.5,38.5,38.5,1.9,1.91,1.9,1.91,1.9,1.9,1.91,1.91,158.5,158.5,164.5,164.5,1.89,1.89,1.91,1.91,1.89,1.89,1.91,1.91
2019-04-13,NM,AD,12,1,4,27,71,59,9,17,8,11,1.84,1.95,9,2.35,1.83,2.45,1.83,1.6,1.56,2.02,2.02,8.5,-2.5,9.5,-2.5,-8.5,-9.5,2.5,2.5,1.9,1.91,1.9,1.91,1.9,1.9,1.91,1.91,181.5,181.5,181.5,181.5,1.89,1.89,1.91,1.91,1.89,1.89,1.91,1.91
2019-04-13,PA,RI,13,14,4,27,92,99,14,8,15,9,1.29,3.6,9,1.91,1.28,1.91,1.28,1.91,1.91,3.85,3.85,1.5,-25.5,1.5,-24.5,-1.5,-1.5,25.5,24.5,1.87,1.91,1.87,1.91,1.95,1.95,1.91,1.91,167.5,167.5,169.5,168.5,1.89,1.89,1.91,1.91,1.89,1.89,1.91,1.91
2019-04-13,ES,BL,5,2,4,27,112,65,17,10,9,11,1.75,2.07,9,1.75,1.7,1.91,1.72,2.1,1.91,2.18,2.18,-3.5,-6.5,-1.5,-5.5,3.5,1.5,6.5,5.5,1.93,1.93,1.95,1.91,1.89,1.87,1.89,1.91,186.5,185.5,187.5,185.5,1.87,1.91,1.89,1.91,1.91,1.91,1.89,1.91
2019-04-13,GE,GW,8,9,4,27,75,79,11,9,11,13,1.43,2.79,9,1.35,1.33,1.45,1.45,3.25,2.8,3.35,2.85,-18.5,-20.5,-15.5,-15.5,18.5,15.5,20.5,15.5,1.9,1.9,1.91,1.91,1.9,1.9,1.9,1.91,163.5,163.5,168.5,168.5,1.89,1.89,1.91,1.91,1.89,1.89,1.91,1.91
2019-04-12,CW,WB,4,17,4,27,78,64,11,12,9,10,1.28,3.68,9,1.21,1.18,1.3,1.3,4.5,3.7,5,3.7,-27.5,-32.5,-22.5,-22.5,27.5,22.5,32.5,22.5,1.9,1.9,1.91,1.91,1.9,1.91,1.91,1.91,168.5,168.5,172.5,171.5,1.89,1.89,1.91,1.91,1.89,1.89,1.91,1.91
2019-04-11,SY,ME,16,11,4,27,78,100,11,12,15,10,1.71,2.13,9,1.91,1.65,1.91,1.77,1.91,1.91,2.25,2.1,-1.5,-6.5,-1.5,-3.5,1.5,1.5,6.5,3.5,1.95,1.91,1.95,1.91,1.87,1.87,1.91,1.91,165.5,165.5,165.5,165.5,1.89,1.89,1.91,1.91,1.89,1.89,1.91,1.91
2019-04-07,FR,SK,6,15,3,26,71,66,11,5,9,12,1.37,3.1,8,1.23,1.23,1.44,1.4,4.2,2.8,4.2,3.1,-27.5,-27.5,-14.5,-17.5,27.5,14.5,27.5,17.5,1.9,1.9,1.91,1.91,1.9,1.91,1.91,1.91,165.5,165.5,168.5,168.5,1.89,1.89,1.91,1.91,1.89,1.89,1.91,1.91
2019-04-07,HW,NM,10,12,3,26,87,71,13,9,10,11,1.51,2.57,9,1.44,1.44,1.56,1.56,2.8,2.5,2.85,2.5,-14.5,-16.5,-11.5,-11.5,14.5,11.5,16.5,11.5,1.9,1.91,1.91,1.91,1.9,1.91,1.91,1.91,177.5,177.5,180.5,180.5,1.89,1.89,1.91,1.91,1.89,1.89,1.91,1.91
2019-04-07,WB,GC,17,7,3,26,68,73,9,14,10,13,1.19,4.75,9,1.13,1.13,1.2,1.19,6,4.6,6,5,-37.5,-37.5,-30.5,-31.5,37.5,30.5,37.5,31.5,1.9,1.9,1.91,1.91,1.9,1.91,1.91,1.91,168.5,168.5,170.5,170.5,1.89,1.89,1.91,1.91,1.89,1.89,1.91,1.91
2019-04-06,BL,PA,2,13,3,26,107,90,16,11,13,12,1.6,2.33,9,1.82,1.6,1.82,1.6,2,2,2.4,2.4,-2.5,-9.5,-2.5,-8.5,2.5,2.5,9.5,8.5,1.9,1.91,1.91,1.91,1.9,1.9,1.91,1.91,173.5,173.5,178.5,178.5,1.89,1.89,1.91,1.91,1.89,1.89,1.91,1.91
2019-04-06,CW,WC,4,18,3,26,76,98,11,10,15,8,1.38,3.05,9,1.5,1.36,1.5,1.36,2.6,2.6,3.3,3.3,-12.5,-19.5,-12.5,-19.5,12.5,12.5,19.5,19.5,1.9,1.91,1.9,1.91,1.9,1.9,1.91,1.91,166.5,164.5,166.5,165.5,1.89,1.89,1.89,1.91,1.89,1.89,1.89,1.91
2019-04-06,GW,RI,9,14,3,26,125,76,19,11,10,16,1.53,2.54,9,2,1.5,2,1.5,1.82,1.82,2.68,2.68,2.5,-13.5,2.5,-13.5,-2.5,-2.5,13.5,13.5,1.9,1.91,1.9,1.91,1.9,1.9,1.91,1.91,164.5,162.5,166.5,166.5,1.89,1.89,1.91,1.91,1.89,1.89,1.91,1.91
2019-04-06,CA,SY,3,16,3,26,74,93,10,14,14,9,2.73,1.46,9,3.85,2.5,3.85,2.8,1.27,1.27,1.56,1.47,23.5,10.5,23.5,14.5,-23.5,-23.5,-10.5,-14.5,1.9,1.91,1.91,1.91,1.9,1.9,1.91,1.91,166.5,165.5,167.5,165.5,1.89,1.91,1.91,1.91,1.89,1.91,1.91,1.91
2019-04-05,ME,ES,11,5,3,26,112,130,18,4,20,10,1.45,2.78,9,1.44,1.4,1.52,1.47,2.8,2.6,3,2.8,-14.5,-16.5,-12.5,-15.5,14.5,12.5,16.5,15.5,1.9,1.91,1.91,1.91,1.9,1.91,1.91,1.91,171.5,169.5,171.5,170.5,1.89,1.89,1.89,1.91,1.89,1.89,1.89,1.91
2019-04-04,AD,GE,1,8,3,26,75,99,10,15,14,15,2.04,1.78,8,1.54,1.52,2.1,2.1,2.5,1.77,2.55,1.77,-10.5,-11.5,3.5,3.5,10.5,-3.5,11.5,-3.5,1.9,1.91,1.91,1.91,1.9,1.91,1.91,1.91,169.5,166.5,169.5,169.5,1.89,1.89,1.91,1.91,1.89,1.89,1.91,1.91
2019-03-31,GC,FR,7,6,2,25,61,58,7,19,8,10,3.02,1.39,9,4.2,3,4.2,3.1,1.23,1.23,1.42,1.4,26.5,17.5,26.5,17.5,-26.5,-26.5,-17.5,-17.5,1.9,1.91,1.9,1.91,1.9,1.9,1.91,1.91,176.5,172.5,178.5,172.5,1.91,1.91,1.91,1.91,1.91,1.91,1.91,1.91
2019-03-31,HW,WB,10,17,2,25,87,106,13,9,16,10,1.4,2.96,9,1.44,1.36,1.44,1.4,2.8,2.8,3.2,3.1,-17.5,-19.5,-16.5,-19.5,17.5,16.5,19.5,19.5,1.9,1.91,1.91,1.91,1.9,1.91,1.91,1.91,176.5,168.5,176.5,168.5,1.91,1.91,1.91,1.91,1.91,1.91,1.91,1.91
2019-03-31,NM,BL,12,2,2,25,87,107,13,9,16,11,1.81,2,9,1.82,1.82,1.91,1.85,2,1.91,2,2,-2.5,-2.5,-1.5,-2.5,2.5,1.5,2.5,2.5,1.9,1.9,1.97,1.91,1.9,1.85,1.91,1.91,188.5,185.5,188.5,185.5,1.91,1.91,1.91,1.91,1.91,1.91,1.91,1.91
2019-03-30,WC,GW,18,9,2,25,104,52,16,8,7,10,1.48,2.68,9,1.42,1.38,1.48,1.45,2.9,2.65,3.1,2.85,-15.5,-18.5,-12.5,-14.5,15.5,12.5,18.5,14.5,1.9,1.93,1.93,1.91,1.9,1.89,1.89,1.91,173.5,164.5,173.5,164.5,1.91,1.91,1.91,1.91,1.91,1.91,1.91,1.91
2019-03-30,GE,ME,8,11,2,25,126,46,20,6,6,10,1.57,2.41,9,1.56,1.52,1.6,1.58,2.45,2.35,2.55,2.45,-9.5,-11.5,-9.5,-10.5,9.5,9.5,11.5,10.5,1.9,1.9,1.91,1.91,1.9,1.9,1.9,1.91,172.5,160.5,172.5,160.5,1.91,1.91,1.91,1.91,1.91,1.91,1.91,1.91
2019-03-30,PA,CA,13,3,2,25,88,72,13,10,11,6,1.18,4.96,9,1.22,1.15,1.22,1.16,4.35,4.35,5.6,5.6,-29.5,-34.5,-29.5,-33.5,29.5,29.5,34.5,33.5,1.9,1.9,1.9,1.91,1.9,1.9,1.9,1.91,171.5,168.5,171.5,169.5,1.91,1.89,1.91,1.91,1.91,1.89,1.91,1.91
2019-03-30,ES,SK,5,15,2,25,65,76,9,11,10,16,1.36,3.21,8,1.28,1.28,1.38,1.38,3.75,3.2,3.75,3.2,-22.5,-22.5,-19.5,-19.5,22.5,19.5,22.5,19.5,1.9,1.9,1.91,1.91,1.9,1.91,1.9,1.91,179.5,177.5,179.5,177.5,1.91,1.91,1.91,1.91,1.91,1.91,1.91,1.91
2019-03-29,SY,AD,16,1,2,25,62,88,8,14,12,16,1.77,2.05,8,1.75,1.72,1.8,1.8,2.1,2.05,2.15,2.05,-5.5,-5.5,-2.5,-2.5,5.5,2.5,5.5,2.5,1.9,1.9,1.91,1.91,1.9,1.9,1.9,1.91,166.5,162.5,166.5,163.5,1.91,1.91,1.91,1.91,1.91,1.91,1.91,1.91
2019-03-28,RI,CW,14,4,2,25,66,110,10,6,17,8,1.9,1.91,8,1.8,1.8,2.05,1.95,2.02,1.8,2.02,1.9,-2.5,-2.5,2.5,1.5,2.5,-2.5,2.5,-1.5,1.91,1.91,1.91,1.87,1.91,1.91,1.91,1.95,174.5,172.5,174.5,172.5,1.91,1.89,1.91,1.91,1.91,1.87,1.91,1.91
2019-03-24,FR,NM,6,12,1,24,141,59,21,15,9,5,2.08,1.75,10,1.82,NA,NA,2.15,2,NA,NA,1.75,-2.5,NA,NA,4.5,2.5,NA,NA,-4.5,1.9,NA,NA,1.91,1.9,NA,NA,1.91,NA,NA,NA,176.5,NA,NA,NA,1.91,NA,NA,NA,1.91
2019-03-24,GW,ES,9,5,1,24,112,40,16,16,5,10,1.77,2.07,10,1.72,NA,NA,1.8,2.15,NA,NA,2.05,-5.5,NA,NA,-2.5,5.5,NA,NA,2.5,1.9,NA,NA,1.91,1.9,NA,NA,1.91,NA,NA,NA,180.5,NA,NA,NA,1.91,NA,NA,NA,1.91
2019-03-24,SK,GC,15,7,1,24,85,84,13,7,13,6,1.23,4.15,9,1.2,NA,NA,1.25,4.6,NA,NA,4.15,-29.5,NA,NA,-27.5,29.5,NA,NA,27.5,1.9,NA,NA,1.91,1.9,NA,NA,1.91,NA,NA,NA,179.5,NA,NA,NA,1.91,NA,NA,NA,1.91
2019-03-23,BL,WC,2,18,1,24,102,58,15,12,8,10,2.09,1.74,10,2.75,NA,NA,2.18,1.45,NA,NA,1.72,14.5,NA,NA,6.5,-14.5,NA,NA,-6.5,1.9,NA,NA,1.91,1.9,NA,NA,1.91,NA,NA,NA,186.5,NA,NA,NA,1.91,NA,NA,NA,1.91
2019-03-23,WB,SY,17,16,1,24,82,65,11,16,9,11,2.52,1.52,10,2.25,NA,NA,2.5,1.65,NA,NA,1.56,7.5,NA,NA,10.5,-7.5,NA,NA,-10.5,1.9,NA,NA,1.91,1.9,NA,NA,1.91,NA,NA,NA,175.5,NA,NA,NA,1.91,NA,NA,NA,1.91
2019-03-23,AD,HW,1,10,1,24,55,87,7,13,12,15,1.29,3.64,10,1.6,NA,NA,1.28,2.35,NA,NA,3.85,-9.5,NA,NA,-22.5,9.5,NA,NA,22.5,1.9,NA,NA,1.91,1.9,NA,NA,1.91,NA,NA,NA,185.5,NA,NA,NA,1.91,NA,NA,NA,1.91
2019-03-23,ME,PA,11,13,1,24,61,87,9,7,12,15,1.19,4.76,10,1.36,NA,NA,1.2,3.2,NA,NA,4.8,-18.5,NA,NA,-32.5,18.5,NA,NA,32.5,1.9,NA,NA,1.91,1.9,NA,NA,1.91,NA,NA,NA,181.5,NA,NA,NA,1.91,NA,NA,NA,1.91
2019-03-22,CW,GE,4,8,1,24,65,72,9,11,10,12,1.55,2.48,10,1.58,NA,NA,1.5,2.4,NA,NA,2.68,-9.5,NA,NA,-12.5,9.5,NA,NA,12.5,1.9,NA,NA,1.91,1.9,NA,NA,1.91,NA,NA,NA,181.5,NA,NA,NA,1.91,NA,NA,NA,1.91
2019-03-21,CA,RI,3,14,1,24,64,97,9,10,14,13,6.46,1.11,9,6.5,NA,NA,7.25,1.11,NA,NA,1.11,38.5,NA,NA,39.5,-38.5,NA,NA,-39.5,1.9,NA,NA,1.91,1.9,NA,NA,1.91,NA,NA,NA,188.5,NA,NA,NA,1.91,NA,NA,NA,1.91
2018-08-26,SK,NM,15,12,23,23,94,117,14,10,17,15,3.15,1.35,8,4,3.35,4,3.35,1.25,1.25,1.35,1.35,26.5,20.5,26.5,20.5,-26.5,-26.5,-20.5,-20.5,1.9,1.93,1.9,1.93,1.9,1.9,1.93,1.93,176.5,176.5,185.5,185.5,1.9,1.9,1.9,1.9,1.9,1.9,1.9,1.9
2018-08-26,ME,GW,11,9,23,23,102,57,15,12,8,9,1.45,2.68,8,1.65,1.42,1.65,1.48,2.25,2.25,2.9,2.75,-7.5,-16.5,-7.5,-16.5,7.5,7.5,16.5,16.5,1.9,1.9,1.9,1.93,1.9,1.9,1.93,1.93,180.5,177.5,180.5,177.5,1.9,1.9,1.9,1.9,1.9,1.9,1.9,1.9
2018-08-26,BL,WC,2,18,23,23,72,98,11,6,14,14,2.2,1.66,8,2.4,2.15,2.55,2.15,1.58,1.52,1.75,1.75,10.5,5.5,12.5,5.5,-10.5,-12.5,-5.5,-5.5,1.9,1.93,1.9,1.93,1.9,1.9,1.93,1.93,172.5,147.5,172.5,147.5,1.9,1.9,1.9,1.9,1.9,1.9,1.9,1.9
2018-08-25,CA,AD,3,1,23,23,61,165,8,13,26,9,5.25,1.14,8,7,5.2,8,5.2,1.1,1.08,1.18,1.18,44.5,32.5,47.5,32.5,-44.5,-47.5,-32.5,-32.5,1.9,1.93,1.9,1.93,1.9,1.9,1.93,1.93,177.5,177.5,182.5,180.5,1.9,1.9,1.9,1.9,1.9,1.9,1.9,1.9
2018-08-25,SY,HW,16,10,23,23,74,83,10,14,12,11,2.04,1.8,8,1.65,1.52,2.25,2.25,2.25,1.68,2.55,1.68,-7.5,-10.5,6.5,6.5,7.5,-6.5,10.5,-6.5,1.9,1.9,1.93,1.93,1.9,1.93,1.9,1.93,136.5,136.5,152.5,152.5,1.9,1.9,1.9,1.9,1.9,1.9,1.9,1.9
2018-08-25,FR,CW,6,4,23,23,67,76,9,13,11,10,5.15,1.15,8,4,4,5.6,5.6,1.25,1.16,1.25,1.16,25.5,25.5,34.5,33.5,-25.5,-34.5,-25.5,-33.5,1.9,1.9,1.93,1.93,1.9,1.9,1.9,1.93,170.5,170.5,176.5,176.5,1.9,1.9,1.9,1.9,1.9,1.9,1.9,1.9
2018-08-25,RI,WB,14,17,23,23,98,95,15,8,14,11,1.09,6.89,8,1.07,1.07,1.12,1.1,8.5,6.25,8.5,8,-46.5,-46.5,-36.5,-43.5,46.5,36.5,46.5,43.5,1.9,1.9,1.9,1.93,1.9,1.9,1.9,1.93,170.5,170.5,174.5,174.5,1.9,1.9,1.9,1.9,1.9,1.9,1.9,1.9
2018-08-25,GE,GC,8,7,23,23,142,40,22,10,5,10,1.01,14.79,8,1.01,1.01,1.01,1.01,21,21,21,21,-75.5,-77.5,-72.5,-77.5,75.5,72.5,77.5,77.5,1.9,1.93,1.93,1.93,1.9,1.93,1.93,1.93,178.5,178.5,181.5,179.5,1.9,1.9,1.9,1.9,1.9,1.9,1.9,1.9
2018-08-24,PA,ES,13,5,23,23,89,111,13,11,17,9,1.6,2.3,8,1.65,1.52,1.68,1.6,2.25,2.25,2.55,2.4,-7.5,-12.5,-7.5,-10.5,7.5,7.5,12.5,10.5,1.9,1.9,1.93,1.93,1.9,1.9,1.9,1.93,171.5,171.5,175.5,172.5,1.9,1.9,1.9,1.9,1.9,1.9,1.9,1.9
2018-08-19,AD,NM,1,12,22,22,86,77,12,14,11,11,1.36,3.09,8,1.4,1.36,1.4,1.38,3,3,3.3,3.2,-17.5,-20.5,-17.5,-19.5,17.5,17.5,20.5,19.5,1.9,1.9,1.9,1.93,1.9,1.9,1.93,1.93,189.5,185.5,189.5,186.5,1.9,1.9,1.9,1.9,1.9,1.9,1.9,1.9
2018-08-19,WC,ME,18,11,22,22,91,108,14,7,16,12,1.7,2.12,8,1.7,1.58,1.75,1.75,2.18,2.15,2.4,2.15,-5.5,-10.5,-5.5,-5.5,5.5,5.5,10.5,5.5,1.9,1.9,1.93,1.93,1.9,1.9,1.9,1.93,169.5,167.5,173.5,173.5,1.9,1.9,1.9,1.9,1.9,1.9,1.9,1.9
2018-08-19,CA,WB,3,17,22,22,49,66,7,7,10,6,4.27,1.21,8,4,3.85,4.5,4.5,1.25,1.22,1.27,1.22,26.5,23.5,29.5,29.5,-26.5,-29.5,-23.5,-29.5,1.9,1.9,1.93,1.93,1.9,1.93,1.9,1.93,170.5,170.5,172.5,171.5,1.9,1.9,1.9,1.9,1.9,1.9,1.9,1.9
2018-08-18,GC,BL,7,2,22,22,74,78,11,8,10,18,4.19,1.22,8,4,4,4.35,4.15,1.25,1.22,1.27,1.25,26.5,25.5,28.5,26.5,-26.5,-28.5,-25.5,-26.5,1.9,1.93,1.9,1.93,1.9,1.9,1.93,1.93,177.5,177.5,179.5,177.5,1.9,1.9,1.9,1.9,1.9,1.9,1.9,1.9
2018-08-18,SK,HW,15,10,22,22,76,80,11,10,12,8,5.1,1.16,8,4,4,5.4,5.4,1.25,1.17,1.25,1.17,26.5,26.5,34.5,33.5,-26.5,-34.5,-26.5,-33.5,1.9,1.9,1.93,1.93,1.9,1.9,1.9,1.93,175.5,175.5,176.5,175.5,1.9,1.9,1.9,1.9,1.9,1.9,1.9,1.9
2018-08-18,GW,SY,9,16,22,22,60,80,8,12,11,14,1.73,2.09,8,1.56,1.5,1.75,1.75,2.45,2.1,2.6,2.15,-10.5,-13.5,-4.5,-4.5,10.5,4.5,13.5,4.5,1.9,1.9,1.93,1.93,1.9,1.9,1.9,1.93,166.5,159.5,167.5,159.5,1.9,1.9,1.9,1.9,1.9,1.9,1.9,1.9
2018-08-18,GE,FR,8,6,22,22,158,25,24,14,3,7,1.05,9.4,8,1.08,1.05,1.08,1.06,8,8,11,10.5,-44.5,-54.5,-44.5,-48.5,44.5,44.5,54.5,48.5,1.9,1.9,1.9,1.93,1.9,1.9,1.9,1.93,162.5,151.5,162.5,151.5,1.9,1.9,1.9,1.9,1.9,1.9,1.9,1.9
2018-08-18,CW,PA,4,13,22,22,115,64,17,13,10,4,1.44,2.73,8,1.58,1.4,1.58,1.48,2.4,2.4,3,2.75,-9.5,-17.5,-9.5,-14.5,9.5,9.5,17.5,14.5,1.9,1.9,1.9,1.93,1.9,1.9,1.93,1.93,153.5,144.5,153.5,146.5,1.9,1.9,1.9,1.9,1.9,1.9,1.9,1.9
2018-08-17,RI,ES,14,5,22,22,81,73,12,9,11,7,1.47,2.67,8,1.33,1.28,1.5,1.48,3.35,2.68,3.7,2.75,-22.5,-24.5,-13.5,-14.5,22.5,13.5,24.5,14.5,1.9,1.9,1.93,1.93,1.9,1.93,1.9,1.93,165.5,160.5,165.5,163.5,1.9,1.9,1.9,1.9,1.9,1.9,1.9,1.9
2018-08-12,FR,CA,6,3,21,21,101,72,15,11,10,12,1.26,3.82,9,1.25,1.24,1.3,1.27,4,3.7,4.25,4,-26.5,-27.5,-23.5,-25.5,26.5,23.5,27.5,25.5,1.9,1.9,1.93,1.93,1.9,1.93,1.93,1.93,164.5,164.5,165.5,165.5,1.9,1.9,1.9,1.9,1.9,1.9,1.9,1.9
2018-08-12,ME,SY,11,16,21,21,78,87,10,18,13,9,1.34,3.21,9,1.56,1.33,1.56,1.33,2.45,2.45,3.5,3.5,-11.5,-23.5,-11.5,-23.5,11.5,11.5,23.5,23.5,1.9,1.93,1.9,1.93,1.9,1.9,1.93,1.93,170.5,169.5,172.5,172.5,1.9,1.9,1.9,1.9,1.9,1.9,1.9,1.9
2018-08-12,NM,WB,12,17,21,21,85,92,12,13,13,14,1.29,3.51,9,1.25,1.25,1.33,1.3,4,3.35,4,3.7,-26.5,-26.5,-22.5,-23.5,26.5,22.5,26.5,23.5,1.9,1.9,1.93,1.93,1.9,1.9,1.9,1.93,177.5,177.5,178.5,178.5,1.9,1.9,1.9,1.9,1.9,1.9,1.9,1.9
2018-08-11,CW,BL,4,2,21,21,104,73,14,20,11,7,1.25,3.93,9,1.28,1.25,1.3,1.25,3.7,3.7,4.15,4.15,-24.5,-27.5,-24.5,-27.5,24.5,24.5,27.5,27.5,1.9,1.93,1.93,1.93,1.9,1.9,1.93,1.93,185.5,185.5,186.5,186.5,1.9,1.9,1.9,1.9,1.9,1.9,1.9,1.9
2018-08-11,GW,AD,9,1,21,21,106,92,15,16,13,14,1.47,2.64,9,1.45,1.42,1.52,1.5,2.75,2.6,2.9,2.68,-15.5,-16.5,-12.5,-12.5,15.5,12.5,16.5,12.5,1.9,1.9,1.93,1.93,1.9,1.93,1.9,1.93,150.5,150.5,152.5,152.5,1.9,1.9,1.9,1.9,1.9,1.9,1.9,1.9
2018-08-11,PA,WC,13,18,21,21,58,62,9,4,9,8,1.39,2.95,9,1.58,1.38,1.58,1.38,2.4,2.4,3.2,3.2,-11.5,-18.5,-11.5,-18.5,11.5,11.5,18.5,18.5,1.9,1.93,1.9,1.93,1.9,1.9,1.93,1.93,154.5,143.5,154.5,148.5,1.9,1.9,1.9,1.9,1.9,1.9,1.9,1.9
2018-08-11,GC,RI,7,14,21,21,51,125,7,9,19,11,12.48,1.02,9,13,11,19,15,1.02,1.01,1.04,1.03,55.5,52.5,66.5,59.5,-55.5,-66.5,-52.5,-59.5,1.9,1.9,1.9,1.93,1.9,1.9,1.9,1.93,165.5,165.5,170.5,170.5,1.9,1.9,1.9,1.9,1.9,1.9,1.9,1.9
2018-08-11,HW,GE,10,8,21,21,71,60,10,11,8,12,2.51,1.51,9,2.15,2.05,2.68,2.68,1.72,1.5,1.78,1.5,4.5,3.5,13.5,13.5,-4.5,-13.5,-3.5,-13.5,1.9,1.9,1.93,1.93,1.9,1.93,1.9,1.93,161.5,147.5,161.5,159.5,1.9,1.9,1.9,1.9,1.9,1.9,1.9,1.9
2018-08-10,ES,SK,5,15,21,21,122,79,18,14,11,13,1.18,4.69,9,1.25,1.18,1.27,1.19,4,3.85,5,5,-27.5,-33.5,-26.5,-32.5,27.5,26.5,33.5,32.5,1.9,1.93,1.93,1.93,1.9,1.9,1.93,1.93,179.5,177.5,179.5,177.5,1.9,1.9,1.9,1.9,1.9,1.9,1.9,1.9
2018-08-05,WC,FR,18,6,20,20,142,84,21,16,13,6,1.16,5.12,8,1.18,1.17,1.18,1.17,5,5,5.4,5.4,-30.5,-37.5,-30.5,-33.5,30.5,30.5,37.5,33.5,1.9,1.9,1.9,1.93,1.9,1.9,1.9,1.93,164.5,163.5,164.5,164.5,1.9,1.9,1.9,1.9,1.9,1.9,1.9,1.9
2018-08-05,ME,GC,11,7,20,20,143,47,21,17,7,5,1.02,11.97,8,1.08,1.03,1.08,1.03,8,8,15,15,-45.5,-73.5,-45.5,-73.5,45.5,45.5,73.5,73.5,1.9,1.93,1.9,1.93,1.9,1.9,1.93,1.93,174.5,171.5,175.5,173.5,1.9,1.9,1.9,1.9,1.9,1.9,1.9,1.9
2018-08-05,CA,GW,3,9,20,20,46,151,7,4,23,13,7.71,1.07,8,10,8,10,8,1.05,1.05,1.1,1.1,50.5,40.5,50.5,42.5,-50.5,-50.5,-40.5,-42.5,1.9,1.93,1.9,1.93,1.9,1.9,1.93,1.93,175.5,170.5,175.5,171.5,1.9,1.9,1.9,1.9,1.9,1.9,1.9,1.9
2018-08-04,SK,WB,15,17,20,20,68,103,9,14,15,13,1.56,2.39,8,1.82,1.58,1.82,1.58,2,2,2.45,2.45,-2.5,-11.5,-2.5,-11.5,2.5,2.5,11.5,11.5,1.9,1.93,1.9,1.93,1.9,1.9,1.93,1.93,169.5,169.5,170.5,169.5,1.9,1.9,1.9,1.9,1.9,1.9,1.9,1.9
2018-08-04,SY,CW,16,4,20,20,73,71,11,7,10,11,1.64,2.22,8,1.65,1.65,1.95,1.65,2.25,1.87,2.3,2.3,-6.5,-6.5,1.5,-6.5,6.5,-1.5,6.5,6.5,1.9,1.9,1.95,1.93,1.9,1.87,1.93,1.93,162.5,160.5,163.5,161.5,1.9,1.9,1.9,1.9,1.9,1.9,1.9,1.9
2018-08-04,AD,PA,1,13,20,20,96,93,13,18,14,9,2.02,1.77,8,1.9,1.9,2.1,2,1.9,1.77,1.9,1.85,1.5,1.5,3.5,2.5,-1.5,-3.5,-1.5,-2.5,1.87,1.87,1.93,1.93,1.95,1.9,1.95,1.93,155.5,149.5,160.5,160.5,1.9,1.9,1.9,1.9,1.9,1.9,1.9,1.9
2018-08-04,BL,NM,2,12,20,20,104,107,16,8,16,11,1.71,2.1,8,2.18,1.75,2.18,1.75,1.7,1.7,2.15,2.15,5.5,-4.5,5.5,-4.5,-5.5,-5.5,4.5,4.5,1.9,1.93,1.9,1.93,1.9,1.9,1.93,1.93,185.5,185.5,188.5,187.5,1.9,1.9,1.9,1.9,1.9,1.9,1.9,1.9
2018-08-04,HW,ES,10,5,20,20,107,103,16,11,16,7,2.04,1.75,8,1.85,1.85,2.15,2.1,1.97,1.75,1.97,1.77,-1.5,-1.5,4.5,3.5,1.5,-4.5,1.5,-3.5,1.9,1.9,1.95,1.93,1.9,1.87,1.9,1.93,174.5,169.5,174.5,169.5,1.9,1.9,1.9,1.9,1.9,1.9,1.9,1.9
2018-08-03,RI,GE,14,8,20,20,85,82,12,13,12,10,1.4,2.87,8,1.3,1.3,1.45,1.44,3.6,2.85,3.6,2.9,-22.5,-23.5,-14.5,-16.5,22.5,14.5,23.5,16.5,1.9,1.9,1.93,1.93,1.9,1.93,1.9,1.93,165.5,151.5,165.5,151.5,1.9,1.9,1.9,1.9,1.9,1.9,1.9,1.9
2018-07-29,FR,HW,6,10,19,19,53,112,7,11,17,10,3,1.38,7,2.6,2.6,3,3,1.5,1.42,1.5,1.42,13.5,13.5,17.5,17.5,-13.5,-17.5,-13.5,-17.5,1.9,1.9,1.93,1.93,1.9,1.9,1.9,1.93,152.5,152.5,156.5,156.5,1.9,1.9,1.9,1.9,1.9,1.9,1.9,1.9
2018-07-29,WB,PA,17,13,19,19,34,78,5,4,11,12,3.54,1.29,7,2.7,2.7,3.5,3.5,1.47,1.33,1.47,1.33,14.5,14.5,22.5,22.5,-14.5,-22.5,-14.5,-22.5,1.9,1.9,1.93,1.93,1.9,1.93,1.9,1.93,157.5,137.5,157.5,137.5,1.9,1.9,1.9,1.9,1.9,1.9,1.9,1.9
2018-07-29,NM,WC,12,18,19,19,81,41,12,9,6,5,1.68,2.16,7,1.9,1.63,2.2,1.68,1.9,1.68,2.35,2.25,-1.5,-8.5,6.5,-7.5,1.5,-6.5,8.5,7.5,1.95,1.93,1.9,1.93,1.87,1.9,1.93,1.93,172.5,163.5,172.5,163.5,1.9,1.9,1.9,1.9,1.9,1.9,1.9,1.9
2018-07-28,AD,ME,1,11,19,19,77,90,10,17,13,12,1.69,2.15,7,1.68,1.68,1.75,1.75,2.2,2.1,2.25,2.15,-8.5,-8.5,-4.5,-4.5,8.5,4.5,8.5,4.5,1.9,1.9,1.93,1.93,1.9,1.9,1.9,1.93,180.5,168.5,180.5,169.5,1.9,1.9,1.9,1.9,1.9,1.9,1.9,1.9
2018-07-28,GC,CA,7,3,19,19,44,79,5,14,12,7,1.33,3.27,7,1.68,1.35,1.7,1.38,2.2,2.18,3.35,3.2,-8.5,-20.5,-6.5,-18.5,8.5,6.5,20.5,18.5,1.9,1.9,1.9,1.93,1.9,1.9,1.93,1.93,157.5,157.5,157.5,157.5,1.9,1.9,1.9,1.9,1.9,1.9,1.9,1.9
2018-07-28,GW,SK,9,15,19,19,86,61,13,8,8,13,1.12,6.12,7,1.17,1.12,1.17,1.14,5.25,5.25,6.75,6.25,-35.5,-39.5,-35.5,-36.5,35.5,35.5,39.5,36.5,1.9,1.9,1.9,1.93,1.9,1.9,1.93,1.93,155.5,155.5,160.5,160.5,1.9,1.9,1.9,1.9,1.9,1.9,1.9,1.9
2018-07-28,GE,BL,8,2,19,19,120,78,18,12,11,12,1.17,4.95,7,1.17,1.17,1.2,1.2,5.25,4.6,5.25,4.8,-35.5,-35.5,-30.5,-30.5,35.5,30.5,35.5,30.5,1.9,1.9,1.93,1.93,1.9,1.93,1.9,1.93,182.5,177.5,182.5,180.5,1.9,1.9,1.9,1.9,1.9,1.9,1.9,1.9
2018-07-28,RI,CW,14,4,19,19,105,77,16,9,12,5,1.35,3.19,7,1.42,1.35,1.45,1.36,2.9,2.75,3.35,3.3,-16.5,-20.5,-14.5,-19.5,16.5,14.5,20.5,19.5,1.9,1.93,1.9,1.93,1.9,1.9,1.93,1.93,168.5,167.5,168.5,167.5,1.9,1.9,1.9,1.9,1.9,1.9,1.9,1.9
2018-07-27,ES,SY,5,16,19,19,109,66,15,19,10,6,1.67,2.17,7,1.97,1.68,1.97,1.72,1.85,1.85,2.25,2.18,1.5,-6.5,1.5,-5.5,-1.5,-1.5,6.5,5.5,1.9,1.9,1.9,1.93,1.9,1.9,1.95,1.93,168.5,166.5,169.5,166.5,1.9,1.9,1.9,1.9,1.9,1.9,1.9,1.9
2018-07-22,PA,GW,13,9,18,18,58,80,8,10,11,14,1.59,2.32,8,1.4,1.4,1.78,1.6,3,2.05,3,2.4,-16.5,-16.5,-3.5,-10.5,16.5,3.5,16.5,10.5,1.9,1.9,1.9,1.93,1.9,1.9,1.9,1.93,155.5,155.5,157.5,157.5,1.9,1.9,1.9,1.9,1.9,1.9,1.9,1.9
2018-07-22,WC,WB,18,17,18,18,100,46,14,16,6,10,1.12,5.94,8,1.17,1.1,1.17,1.13,5.25,5.25,7.25,6.5,-36.5,-43.5,-36.5,-40.5,36.5,36.5,43.5,40.5,1.9,1.9,1.9,1.93,1.9,1.9,1.9,1.93,162.5,141.5,162.5,145.5,1.9,1.9,1.9,1.9,1.9,1.9,1.9,1.9
2018-07-22,CA,HW,3,10,18,18,52,124,7,10,18,16,5.47,1.14,8,6.5,5.6,7,5.6,1.11,1.1,1.16,1.16,40.5,35.5,42.5,35.5,-40.5,-42.5,-35.5,-35.5,1.9,1.93,1.9,1.93,1.9,1.9,1.93,1.93,167.5,166.5,168.5,166.5,1.9,1.9,1.9,1.9,1.9,1.9,1.9,1.9
2018-07-21,BL,AD,2,1,18,18,88,93,13,10,13,15,2.27,1.62,8,2.7,2.2,2.8,2.35,1.47,1.44,1.7,1.63,15.5,5.5,17.5,9.5,-15.5,-17.5,-5.5,-9.5,1.9,1.93,1.9,1.93,1.9,1.9,1.93,1.93,179.5,177.5,182.5,182.5,1.9,1.9,1.9,1.9,1.9,1.9,1.9,1.9
2018-07-21,GE,ME,8,11,18,18,100,98,16,4,14,14,1.5,2.55,8,1.56,1.5,1.65,1.5,2.45,2.25,2.68,2.68,-10.5,-12.5,-7.5,-12.5,10.5,7.5,12.5,12.5,1.9,1.93,1.9,1.93,1.9,1.9,1.93,1.93,160.5,160.5,163.5,163.5,1.9,1.9,1.9,1.9,1.9,1.9,1.9,1.9
2018-07-21,ES,FR,5,6,18,18,99,70,13,21,11,4,1.11,6.07,8,1.2,1.12,1.25,1.12,4.6,4,6.75,6.75,-30.5,-39.5,-28.5,-39.5,30.5,28.5,39.5,39.5,1.9,1.93,1.9,1.93,1.9,1.9,1.93,1.93,155.5,155.5,167.5,166.5,1.9,1.9,1.9,1.9,1.9,1.9,1.9,1.9
2018-07-21,SY,GC,16,7,18,18,64,88,8,16,12,16,1.02,12.27,8,1.04,1.02,1.04,1.02,11,11,17,17,-51.5,-62.5,-51.5,-62.5,51.5,51.5,62.5,62.5,1.9,1.93,1.9,1.93,1.9,1.9,1.93,1.93,160.5,159.5,166.5,166.5,1.9,1.9,1.9,1.9,1.9,1.9,1.9,1.9
2018-07-21,CW,NM,4,12,18,18,130,64,20,10,9,10,1.47,2.62,8,1.56,1.48,1.62,1.48,2.45,2.3,2.75,2.75,-11.5,-15.5,-9.5,-15.5,11.5,9.5,15.5,15.5,1.9,1.93,1.9,1.93,1.9,1.9,1.93,1.93,169.5,169.5,171.5,171.5,1.9,1.9,1.9,1.9,1.9,1.9,1.9,1.9
2018-07-20,SK,RI,15,14,18,18,57,111,8,9,16,15,5.23,1.15,8,6.25,5.4,6.5,5.4,1.12,1.12,1.17,1.17,40.5,32.5,40.5,33.5,-40.5,-40.5,-32.5,-33.5,1.9,1.93,1.9,1.93,1.9,1.9,1.93,1.93,174.5,173.5,174.5,173.5,1.9,1.9,1.9,1.9,1.9,1.9,1.9,1.9
2018-07-15,FR,PA,6,13,17,17,59,50,8,11,7,8,4.89,1.18,9,3,3,5.2,5.2,1.4,1.18,1.4,1.18,17.5,17.5,33.5,33.5,-17.5,-33.5,-17.5,-33.5,1.9,1.9,1.93,1.93,1.9,1.93,1.9,1.93,152.5,152.5,153.5,153.5,1.9,1.9,1.9,1.9,1.9,1.9,1.9,1.9
2018-07-15,NM,SY,12,16,17,17,98,104,15,8,16,8,1.87,1.91,9,2.2,1.83,2.25,1.85,1.68,1.65,2.02,2,7.5,-2.5,8.5,-1.5,-7.5,-8.5,2.5,1.5,1.9,1.93,1.9,1.9,1.9,1.9,1.93,1.95,160.5,160.5,165.5,165.5,1.9,1.9,1.9,1.9,1.9,1.9,1.9,1.9
2018-07-15,CW,WC,4,18,17,17,67,102,9,13,15,12,1.5,2.56,9,1.58,1.47,1.58,1.52,2.4,2.4,2.8,2.62,-10.5,-15.5,-10.5,-13.5,10.5,10.5,15.5,13.5,1.9,1.9,1.9,1.93,1.9,1.9,1.93,1.93,164.5,162.5,166.5,165.5,1.9,1.9,1.9,1.9,1.9,1.9,1.9,1.9
2018-07-14,GC,ES,7,5,17,17,51,95,6,15,13,17,4.01,1.24,9,4.35,3.85,4.5,3.85,1.22,1.22,1.28,1.28,29.5,25.5,30.5,25.5,-29.5,-30.5,-25.5,-25.5,1.9,1.93,1.9,1.93,1.9,1.9,1.93,1.93,156.5,156.5,156.5,156.5,1.9,1.9,1.9,1.9,1.9,1.9,1.9,1.9
2018-07-14,GW,RI,9,14,17,17,79,77,11,13,10,17,2.53,1.52,9,2.2,2.18,2.62,2.55,1.68,1.5,1.7,1.54,7.5,6.5,13.5,11.5,-7.5,-13.5,-6.5,-11.5,1.9,1.9,1.9,1.93,1.9,1.9,1.9,1.93,159.5,157.5,159.5,158.5,1.9,1.9,1.9,1.9,1.9,1.9,1.9,1.9
2018-07-14,ME,WB,11,17,17,17,119,69,18,11,10,9,1.11,6.4,9,1.28,1.1,1.28,1.13,3.7,3.7,8,6.5,-24.5,-44.5,-24.5,-39.5,24.5,24.5,44.5,39.5,1.9,1.93,1.9,1.93,1.9,1.9,1.93,1.93,176.5,174.5,176.5,174.5,1.9,1.9,1.9,1.9,1.9,1.9,1.9,1.9
2018-07-14,HW,BL,10,2,17,17,65,98,9,11,15,8,1.22,4.24,9,1.18,1.18,1.3,1.22,5,3.6,5,4.5,-33.5,-33.5,-23.5,-28.5,33.5,23.5,33.5,28.5,1.9,1.9,1.9,1.93,1.9,1.9,1.9,1.93,181.5,176.5,181.5,177.5,1.9,1.9,1.9,1.9,1.9,1.9,1.9,1.9
2018-07-13,SK,CA,15,3,17,17,116,52,16,20,7,10,1.3,3.51,9,1.42,1.28,1.44,1.33,2.9,2.8,3.85,3.5,-15.5,-24.5,-15.5,-21.5,15.5,15.5,24.5,21.5,1.9,1.93,1.9,1.93,1.9,1.9,1.93,1.93,165.5,163.5,167.5,167.5,1.9,1.9,1.9,1.9,1.9,1.9,1.9,1.9
2018-07-12,AD,GE,1,8,17,17,112,97,16,16,14,13,1.98,1.82,8,1.75,1.7,2.02,2.02,2.1,1.83,2.18,1.83,-4.5,-6.5,2.5,2.5,4.5,-2.5,6.5,-2.5,1.9,1.9,1.93,1.93,1.9,1.93,1.9,1.93,160.5,157.5,160.5,158.5,1.9,1.9,1.9,1.87,1.9,1.9,1.9,1.95
2018-07-08,WC,GW,18,9,16,16,86,75,13,8,10,15,1.6,2.29,8,1.48,1.48,1.65,1.63,2.65,2.25,2.65,2.35,-13.5,-13.5,-6.5,-9.5,13.5,6.5,13.5,9.5,1.9,1.9,1.9,1.93,1.9,1.9,1.9,1.93,166.5,163.5,166.5,163.5,1.9,1.9,1.9,1.9,1.9,1.9,1.9,1.9
2018-07-08,ES,CW,5,4,16,16,62,78,9,8,12,6,2.32,1.59,8,2.4,2.3,2.45,2.45,1.58,1.58,1.65,1.58,10.5,7.5,10.5,9.5,-10.5,-10.5,-7.5,-9.5,1.9,1.93,1.9,1.93,1.9,1.9,1.93,1.93,150.5,146.5,163.5,162.5,1.9,1.9,1.9,1.9,1.9,1.9,1.9,1.9
2018-07-08,NM,GC,12,7,16,16,95,58,14,11,8,10,1.07,8.1,8,1.1,1.08,1.12,1.08,7,6.25,9,9,-42.5,-52.5,-40.5,-52.5,42.5,40.5,52.5,52.5,1.9,1.93,1.9,1.93,1.9,1.9,1.93,1.93,175.5,175.5,178.5,177.5,1.9,1.9,1.9,1.9,1.9,1.9,1.9,1.9
2018-07-07,ME,FR,11,6,16,16,102,48,13,24,7,6,1.08,7.43,8,1.25,1.08,1.25,1.08,4,4,9,9,-25.5,-48.5,-25.5,-48.5,25.5,25.5,48.5,48.5,1.9,1.93,1.9,1.93,1.9,1.9,1.93,1.93,165.5,161.5,166.5,164.5,1.9,1.9,1.9,1.9,1.9,1.9,1.9,1.9
2018-07-07,WB,HW,17,10,16,16,59,122,9,5,19,8,2.87,1.4,8,3,2.7,3.1,2.9,1.4,1.4,1.48,1.44,17.5,14.5,19.5,18.5,-17.5,-19.5,-14.5,-18.5,1.9,1.9,1.93,1.93,1.9,1.93,1.93,1.93,173.5,170.5,173.5,171.5,1.9,1.9,1.9,1.9,1.9,1.9,1.9,1.9
2018-07-07,PA,SK,13,15,16,16,86,50,12,14,7,8,1.1,6.35,8,1.08,1.08,1.13,1.12,8,6,8,6.75,-44.5,-44.5,-37.5,-40.5,44.5,37.5,44.5,40.5,1.9,1.9,1.9,1.93,1.9,1.9,1.9,1.93,166.5,155.5,166.5,165.5,1.9,1.9,1.9,1.9,1.9,1.9,1.9,1.9
2018-07-07,BL,CA,2,3,16,16,120,55,18,12,7,13,1.31,3.42,8,1.44,1.3,1.54,1.3,2.8,2.5,3.7,3.7,-14.5,-25.5,-11.5,-25.5,14.5,11.5,25.5,25.5,1.9,1.93,1.9,1.93,1.9,1.9,1.93,1.93,173.5,172.5,176.5,174.5,1.9,1.9,1.9,1.9,1.9,1.9,1.9,1.9
2018-07-06,RI,AD,14,1,16,16,103,56,15,13,8,8,1.23,4.02,8,1.2,1.2,1.25,1.24,4.6,4.15,4.8,4.25,-30.5,-31.5,-25.5,-28.5,30.5,25.5,31.5,28.5,1.9,1.9,1.93,1.93,1.9,1.93,1.9,1.93,170.5,162.5,170.5,163.5,1.9,1.9,1.9,1.9,1.9,1.9,1.9,1.9
2018-07-05,SY,GE,16,8,16,16,59,71,9,5,8,23,1.67,2.18,8,1.47,1.44,1.72,1.72,2.7,2.18,2.8,2.18,-13.5,-16.5,-5.5,-5.5,13.5,5.5,16.5,5.5,1.9,1.9,1.95,1.95,1.9,1.9,1.9,1.9,162.5,154.5,162.5,156.5,1.9,1.9,1.9,1.9,1.9,1.9,1.9,1.9
2018-07-01,FR,BL,6,2,15,15,64,119,9,10,18,11,1.28,3.62,10,1.33,1.27,1.33,1.28,3.35,3.35,4,3.85,-19.5,-25.5,-19.5,-22.5,19.5,19.5,25.5,22.5,1.9,1.9,1.9,1.93,1.9,1.9,1.9,1.93,169.5,166.5,171.5,171.5,1.9,1.9,1.9,1.9,1.9,1.9,1.9,1.9
2018-07-01,ES,NM,5,12,15,15,125,108,19,11,16,12,1.94,1.85,10,2.1,1.86,2.1,2,1.75,1.75,1.97,1.85,4.5,-1.5,4.5,2.5,-4.5,-4.5,1.5,-2.5,1.9,1.93,1.9,1.93,1.9,1.9,1.93,1.93,158.5,158.5,165.5,165.5,1.9,1.9,1.9,1.9,1.9,1.9,1.9,1.9
2018-07-01,ME,SK,11,15,15,15,117,119,18,9,18,11,1.11,6.27,10,1.11,1.11,1.13,1.12,6.5,6,6.75,6.75,-38.5,-39.5,-38.5,-39.5,38.5,38.5,39.5,39.5,1.9,1.93,1.93,1.93,1.9,1.9,1.93,1.93,173.5,172.5,176.5,176.5,1.9,1.9,1.9,1.9,1.9,1.9,1.9,1.9
2018-06-30,GC,CW,7,4,15,15,60,99,8,12,14,15,7.17,1.09,10,5.75,5.75,8,8,1.14,1.1,1.14,1.1,33.5,33.5,44.5,44.5,-33.5,-44.5,-33.5,-44.5,1.9,1.9,1.93,1.93,1.9,1.93,1.9,1.93,161.5,154.5,161.5,156.5,1.9,1.9,1.9,1.9,1.9,1.9,1.9,1.9
2018-06-30,GW,HW,9,10,15,15,95,84,13,17,13,6,1.55,2.43,10,1.47,1.47,1.82,1.54,2.7,2,2.7,2.55,-13.5,-13.5,-2.5,-12.5,13.5,2.5,13.5,12.5,1.9,1.9,1.9,1.93,1.9,1.9,1.9,1.93,162.5,154.5,162.5,154.5,1.9,1.9,1.9,1.9,1.9,1.9,1.9,1.9
2018-06-30,AD,WC,1,18,15,15,88,78,12,16,12,6,1.45,2.72,10,2.2,1.42,2.2,1.42,1.68,1.68,2.9,2.9,6.5,-17.5,6.5,-17.5,-6.5,-6.5,17.5,17.5,1.9,1.93,1.9,1.93,1.9,1.9,1.93,1.93,169.5,161.5,169.5,161.5,1.9,1.9,1.9,1.9,1.9,1.9,1.9,1.9
2018-06-30,CA,PA,3,13,15,15,69,90,10,9,13,12,6.39,1.11,10,6,5.75,6.5,6,1.13,1.11,1.15,1.15,35.5,33.5,38.5,33.5,-35.5,-38.5,-33.5,-33.5,1.9,1.93,1.9,1.93,1.9,1.9,1.93,1.93,154.5,150.5,154.5,154.5,1.9,1.9,1.9,1.9,1.9,1.9,1.9,1.9
2018-06-29,WB,GE,17,8,15,15,103,101,16,7,15,11,5.18,1.16,10,5,4.6,5.6,5.4,1.18,1.16,1.2,1.17,29.5,29.5,34.5,33.5,-29.5,-34.5,-29.5,-33.5,1.9,1.9,1.93,1.93,1.9,1.93,1.9,1.93,162.5,157.5,162.5,157.5,1.9,1.9,1.9,1.9,1.9,1.9,1.9,1.9
2018-06-28,RI,SY,14,16,15,15,93,67,14,9,11,1,1.53,2.5,10,1.58,1.48,1.6,1.52,2.4,2.35,2.75,2.62,-9.5,-15.5,-8.5,-14.5,9.5,8.5,15.5,14.5,1.9,1.93,1.9,1.93,1.9,1.9,1.93,1.93,157.5,157.5,159.5,159.5,1.9,1.9,1.9,1.9,1.9,1.9,1.9,1.9
2018-06-24,CW,CA,4,3,14,14,79,59,11,13,9,5,1.06,9.25,10,1.13,1.06,1.13,1.06,6,6,10.5,10.5,-38.5,-49.5,-38.5,-49.5,38.5,38.5,49.5,49.5,1.9,1.93,1.9,1.93,1.9,1.9,1.93,1.93,156.5,156.5,165.5,165.5,1.9,1.9,1.9,1.9,1.9,1.9,1.9,1.9
2018-06-23,WB,NM,17,12,14,14,75,77,11,9,12,5,3.85,1.26,10,2.9,2.8,5,4.15,1.42,1.18,1.44,1.25,16.5,15.5,33.5,25.5,-16.5,-33.5,-15.5,-25.5,1.9,1.9,1.9,1.93,1.9,1.9,1.9,1.93,170.5,170.5,172.5,170.5,1.9,1.9,1.9,1.9,1.9,1.9,1.9,1.9
2018-06-23,BL,GW,2,9,14,14,82,109,12,10,16,13,3.46,1.31,10,4,3.3,4,3.5,1.25,1.25,1.36,1.33,25.5,19.5,25.5,20.5,-25.5,-25.5,-19.5,-20.5,1.9,1.93,1.9,1.93,1.9,1.9,1.93,1.93,185.5,178.5,185.5,178.5,1.9,1.9,1.9,1.9,1.9,1.9,1.9,1.9
2018-06-23,HW,GC,10,7,14,14,96,43,13,18,5,13,1.04,11.21,10,1.12,1.04,1.12,1.04,6.25,6.25,13,13,-38.5,-57.5,-38.5,-57.5,38.5,38.5,57.5,57.5,1.9,1.93,1.9,1.93,1.9,1.9,1.93,1.93,168.5,167.5,169.5,168.5,1.9,1.9,1.9,1.9,1.9,1.9,1.9,1.9
2018-06-22,PA,ME,13,11,14,14,75,65,11,9,9,11,1.66,2.22,10,1.62,1.54,1.7,1.68,2.3,2.22,2.5,2.25,-8.5,-11.5,-6.5,-6.5,8.5,6.5,11.5,6.5,1.9,1.9,1.93,1.93,1.9,1.93,1.9,1.93,165.5,165.5,170.5,170.5,1.9,1.9,1.9,1.9,1.9,1.9,1.9,1.9
2018-06-21,WC,ES,18,5,14,14,52,80,6,16,12,8,1.32,3.41,10,1.25,1.17,1.35,1.35,4,3.35,5.25,3.35,-27.5,-33.5,-20.5,-20.5,27.5,20.5,33.5,20.5,1.9,1.9,1.93,1.93,1.9,1.93,1.9,1.93,147.5,147.5,160.5,160.5,1.9,1.9,1.9,1.9,1.9,1.9,1.9,1.9
2018-06-17,GE,RI,8,14,13,13,65,83,9,11,12,11,2.39,1.58,10,2.8,2.4,2.8,2.4,1.44,1.44,1.6,1.6,15.5,9.5,15.5,9.5,-15.5,-15.5,-9.5,-9.5,1.9,1.93,1.9,1.93,1.9,1.9,1.93,1.93,155.5,133.5,155.5,133.5,1.9,1.9,1.9,1.9,1.9,1.9,1.9,1.9
2018-06-16,HW,AD,10,1,13,13,88,32,12,16,4,8,1.41,2.9,10,1.97,1.45,1.97,1.45,1.85,1.85,2.85,2.85,1.5,-16.5,1.5,-16.5,-1.5,-1.5,16.5,16.5,1.9,1.93,1.9,1.93,1.9,1.9,1.93,1.93,160.5,154.5,160.5,155.5,1.9,1.9,1.9,1.9,1.9,1.9,1.9,1.9
2018-06-16,GC,SK,7,15,13,13,78,80,11,12,11,14,2.46,1.55,10,1.68,1.68,2.5,2.5,2.2,1.56,2.2,1.56,-7.5,-7.5,11.5,11.5,7.5,-11.5,7.5,-11.5,1.9,1.9,1.93,1.93,1.9,1.93,1.9,1.93,168.5,166.5,168.5,166.5,1.9,1.9,1.9,1.9,1.9,1.9,1.9,1.9
2018-06-16,CA,FR,3,6,13,13,46,103,6,10,15,13,2.09,1.74,10,2.4,2.1,2.5,2.1,1.58,1.54,1.77,1.77,10.5,3.5,12.5,3.5,-10.5,-12.5,-3.5,-3.5,1.9,1.93,1.9,1.93,1.9,1.9,1.93,1.93,160.5,159.5,160.5,159.5,1.9,1.9,1.9,1.9,1.9,1.9,1.9,1.9
2018-06-15,SY,WC,16,18,13,13,72,57,10,12,7,15,1.49,2.63,10,1.62,1.52,1.65,1.52,2.3,2.25,2.62,2.62,-8.5,-13.5,-7.5,-13.5,8.5,7.5,13.5,13.5,1.9,1.93,1.9,1.93,1.9,1.9,1.93,1.93,162.5,160.5,163.5,163.5,1.9,1.9,1.9,1.9,1.9,1.9,1.9,1.9
2018-06-14,PA,WB,13,17,13,13,132,75,20,12,11,9,1.1,6.94,10,1.14,1.1,1.14,1.1,5.75,5.75,8,8,-35.5,-38.5,-35.5,-38.5,35.5,35.5,38.5,38.5,1.9,1.93,1.93,1.93,1.9,1.9,1.93,1.93,148.5,137.5,148.5,141.5,1.9,1.9,1.9,1.9,1.9,1.9,1.9,1.9
2018-06-11,ME,CW,11,4,12,12,91,133,14,7,20,13,1.52,2.53,10,1.68,1.56,1.68,1.56,2.2,2.2,2.5,2.5,-6.5,-11.5,-6.5,-10.5,6.5,6.5,11.5,10.5,1.9,1.93,1.9,1.93,1.9,1.9,1.93,1.93,177.5,175.5,178.5,177.5,1.9,1.9,1.9,1.9,1.9,1.9,1.9,1.9
2018-06-10,FR,AD,6,1,12,12,71,68,10,11,9,14,3.61,1.28,10,2.55,2.55,3.85,3.85,1.52,1.28,1.52,1.28,12.5,12.5,26.5,26.5,-12.5,-26.5,-12.5,-26.5,1.9,1.9,1.93,1.93,1.9,1.93,1.9,1.93,172.5,152.5,172.5,159.5,1.9,1.9,1.9,1.9,1.9,1.9,1.9,1.9
2018-06-10,BL,ES,2,5,12,12,62,84,8,14,12,12,2.13,1.71,10,2.25,1.97,2.3,2.18,1.65,1.65,1.85,1.72,7.5,1.5,8.5,5.5,-7.5,-8.5,-1.5,-5.5,1.9,1.9,1.93,1.93,1.9,1.9,1.9,1.93,185.5,185.5,187.5,187.5,1.9,1.9,1.9,1.9,1.9,1.9,1.9,1.9
2018-06-09,SK,SY,15,16,12,12,55,126,7,13,19,12,4.46,1.2,10,5.75,4,5.75,4.5,1.14,1.14,1.27,1.22,34.5,23.5,34.5,27.5,-34.5,-34.5,-23.5,-27.5,1.9,1.93,1.9,1.93,1.9,1.9,1.93,1.93,167.5,167.5,167.5,167.5,1.9,1.9,1.9,1.9,1.9,1.9,1.9,1.9
2018-06-09,GW,GC,9,7,12,12,134,26,20,14,4,2,1.06,9.35,10,1.14,1.06,1.18,1.06,5.75,5,10.5,10.5,-35.5,-48.5,-33.5,-48.5,35.5,33.5,48.5,48.5,1.9,1.93,1.9,1.93,1.9,1.9,1.93,1.93,163.5,158.5,163.5,158.5,1.9,1.9,1.9,1.9,1.9,1.9,1.9,1.9
2018-06-09,GE,NM,8,12,12,12,96,59,14,12,8,11,1.43,2.81,10,1.4,1.4,1.48,1.45,3,2.65,3,2.85,-17.5,-17.5,-14.5,-16.5,17.5,14.5,17.5,16.5,1.9,1.9,1.93,1.93,1.9,1.9,1.9,1.93,160.5,156.5,162.5,157.5,1.9,1.9,1.9,1.9,1.9,1.9,1.9,1.9
2018-06-08,PA,RI,13,14,12,12,72,58,10,12,8,10,1.67,2.19,10,1.85,1.68,2.15,1.7,1.97,1.72,2.25,2.22,-1.5,-6.5,4.5,-6.5,1.5,-4.5,6.5,6.5,1.9,1.93,1.9,1.93,1.9,1.9,1.93,1.93,142.5,140.5,147.5,144.5,1.9,1.9,1.9,1.9,1.9,1.9,1.9,1.9
2018-06-03,AD,GW,1,9,11,11,81,97,11,15,14,13,1.3,3.55,10,1.33,1.3,1.4,1.3,3.35,3,3.7,3.7,-21.5,-22.5,-17.5,-21.5,21.5,17.5,22.5,21.5,1.9,1.9,1.9,1.93,1.9,1.9,1.93,1.93,168.5,166.5,169.5,169.5,1.9,1.9,1.9,1.9,1.9,1.9,1.9,1.9
2018-06-03,CW,FR,4,6,11,11,138,77,21,12,12,5,1.13,6.13,10,1.35,1.14,1.35,1.14,3.25,3.25,6.25,6.25,-20.5,-43.5,-20.5,-43.5,20.5,20.5,43.5,43.5,1.9,1.93,1.9,1.93,1.9,1.9,1.93,1.93,158.5,158.5,166.5,166.5,1.9,1.9,1.9,1.9,1.9,1.9,1.9,1.9
2018-06-03,NM,BL,12,2,11,11,141,87,21,15,12,15,1.23,4.19,10,1.25,1.25,1.27,1.25,4,4,4.15,4.15,-26.5,-27.5,-26.5,-26.5,26.5,26.5,27.5,26.5,1.9,1.9,1.93,1.93,1.9,1.9,1.9,1.93,175.5,175.5,179.5,179.5,1.9,1.9,1.9,1.9,1.9,1.9,1.9,1.9
2018-06-02,WC,SK,18,15,11,11,101,88,16,5,14,4,1.04,11.02,10,1.05,1.04,1.05,1.04,10,10,13,13,-50.5,-53.5,-50.5,-52.5,50.5,50.5,53.5,52.5,1.9,1.9,1.93,1.93,1.9,1.9,1.9,1.93,169.5,166.5,169.5,166.5,1.9,1.9,1.9,1.9,1.9,1.9,1.9,1.9
2018-06-02,ES,RI,5,14,11,11,43,114,6,7,17,12,3.17,1.36,10,5,3.1,5,3.2,1.18,1.18,1.4,1.38,30.5,18.5,30.5,19.5,-30.5,-30.5,-18.5,-19.5,1.9,1.93,1.9,1.93,1.9,1.9,1.93,1.93,166.5,163.5,166.5,164.5,1.9,1.9,1.9,1.9,1.9,1.9,1.9,1.9
2018-06-02,GC,GE,7,8,11,11,36,121,4,12,17,19,3.38,1.32,10,4.6,3.2,4.6,3.35,1.2,1.2,1.38,1.35,30.5,18.5,30.5,22.5,-30.5,-30.5,-18.5,-22.5,1.9,1.93,1.9,1.93,1.9,1.9,1.93,1.93,160.5,159.5,164.5,164.5,1.9,1.9,1.9,1.9,1.9,1.9,1.9,1.9
2018-06-02,HW,PA,10,13,11,11,64,61,9,10,9,7,1.98,1.81,10,1.85,1.85,2.1,2,1.97,1.77,1.97,1.85,-1.5,-1.5,4.5,2.5,1.5,-4.5,1.5,-2.5,1.9,1.9,1.93,1.93,1.9,1.93,1.9,1.93,167.5,164.5,167.5,165.5,1.9,1.9,1.9,1.9,1.9,1.9,1.9,1.9
2018-06-02,WB,ME,17,11,11,11,51,100,7,9,15,10,5.36,1.16,10,3,3,6,6,1.4,1.15,1.4,1.15,16.5,16.5,39.5,39.5,-16.5,-39.5,-16.5,-39.5,1.9,1.9,1.93,1.93,1.9,1.93,1.9,1.93,175.5,175.5,180.5,180.5,1.9,1.9,1.9,1.9,1.9,1.9,1.9,1.9
2018-06-01,SY,CA,16,3,11,11,91,61,13,13,9,7,1.05,9.99,10,1.03,1.03,1.06,1.05,12,10,12,11,-54.5,-56.5,-48.5,-48.5,54.5,48.5,56.5,48.5,1.9,1.9,1.93,1.93,1.9,1.93,1.9,1.93,165.5,148.5,165.5,148.5,1.9,1.9,1.9,1.9,1.9,1.9,1.9,1.9
2018-05-27,FR,NM,6,12,10,10,58,86,8,10,12,14,1.88,1.91,10,1.62,1.62,1.93,1.93,2.3,1.93,2.3,1.93,-8.5,-8.5,-1.5,-1.5,8.5,1.5,8.5,1.5,1.9,1.9,1.97,1.97,1.9,1.86,1.9,1.86,160.5,143.5,161.5,145.5,1.9,1.9,1.9,1.9,1.9,1.9,1.9,1.9
2018-05-27,ME,AD,11,1,10,10,146,55,23,8,8,7,1.68,2.19,10,2.35,1.68,2.35,1.68,1.6,1.6,2.25,2.25,9.5,-6.5,9.5,-6.5,-9.5,-9.5,6.5,6.5,1.9,1.93,1.9,1.93,1.9,1.9,1.93,1.93,185.5,184.5,186.5,185.5,1.9,1.9,1.9,1.9,1.9,1.9,1.9,1.9
2018-05-27,HW,WC,10,18,10,10,60,75,9,6,11,9,2.14,1.71,10,1.75,1.75,2.3,2.15,2.1,1.65,2.1,1.75,-4.5,-4.5,7.5,4.5,4.5,-7.5,4.5,-4.5,1.9,1.9,1.93,1.93,1.9,1.93,1.9,1.93,177.5,176.5,180.5,177.5,1.9,1.9,1.9,1.9,1.9,1.9,1.9,1.9
2018-05-26,GE,CA,8,3,10,10,73,45,11,7,5,15,1.07,8.86,10,1.04,1.04,1.07,1.07,11,8.5,11,10,-52.5,-52.5,-44.5,-49.5,52.5,44.5,52.5,49.5,1.9,1.9,1.9,1.93,1.9,1.9,1.93,1.93,174.5,164.5,174.5,164.5,1.9,1.9,1.9,1.9,1.9,1.9,1.9,1.9
2018-05-26,GW,ES,9,5,10,10,60,95,8,12,14,11,1.38,3.02,10,1.36,1.36,1.5,1.4,3.2,2.68,3.2,3.1,-18.5,-18.5,-13.5,-18.5,18.5,13.5,18.5,18.5,1.9,1.9,1.93,1.93,1.9,1.93,1.93,1.93,168.5,164.5,168.5,165.5,1.9,1.9,1.9,1.9,1.9,1.9,1.9,1.9
2018-05-26,BL,SY,2,16,10,10,49,67,6,13,10,7,3.22,1.35,10,4,3.2,4.6,3.2,1.25,1.2,1.38,1.38,25.5,17.5,27.5,17.5,-25.5,-27.5,-17.5,-17.5,1.9,1.93,1.9,1.93,1.9,1.9,1.93,1.93,173.5,168.5,180.5,168.5,1.9,1.9,1.9,1.9,1.9,1.9,1.9,1.9
2018-05-26,RI,SK,14,15,10,10,105,77,15,15,12,5,1.1,7.06,10,1.06,1.06,1.11,1.1,9.5,7.25,9.5,8,-47.5,-47.5,-40.5,-42.5,47.5,40.5,47.5,42.5,1.9,1.9,1.93,1.93,1.9,1.93,1.9,1.93,159.5,159.5,165.5,165.5,1.9,1.9,1.9,1.9,1.9,1.9,1.9,1.9
2018-05-25,CW,WB,4,17,10,10,90,55,13,12,8,7,1.39,3,10,1.42,1.38,1.45,1.38,2.9,2.75,3.2,3.2,-16.5,-19.5,-14.5,-18.5,16.5,14.5,19.5,18.5,1.9,1.93,1.9,1.93,1.9,1.9,1.93,1.93,172.5,170.5,172.5,170.5,1.9,1.9,1.9,1.9,1.9,1.9,1.9,1.9
2018-05-20,WC,RI,18,14,9,9,130,83,20,10,12,11,1.92,1.89,11,2.18,1.93,2.2,1.95,1.7,1.68,1.93,1.9,5.5,1.5,6.5,1.5,-5.5,-6.5,-1.5,-1.5,1.9,1.86,1.9,1.9,1.9,1.9,1.97,1.95,165.5,165.5,170.5,170.5,1.9,1.9,1.9,1.9,1.9,1.9,1.9,1.9
2018-05-20,BL,HW,2,10,9,9,129,73,20,9,11,7,2.93,1.41,11,2.75,2.75,3,3,1.45,1.42,1.45,1.42,14.5,14.5,16.5,16.5,-14.5,-16.5,-14.5,-16.5,1.9,1.9,1.93,1.93,1.9,1.9,1.93,1.93,179.5,179.5,184.5,184.5,1.9,1.9,1.9,1.9,1.9,1.9,1.9,1.9
2018-05-20,CA,ME,3,11,9,9,50,159,7,8,25,9,6.16,1.13,11,5,4.6,6.5,6.25,1.18,1.13,1.2,1.14,31.5,28.5,41.5,40.5,-31.5,-41.5,-28.5,-40.5,1.9,1.9,1.93,1.93,1.9,1.93,1.9,1.93,171.5,162.5,172.5,162.5,1.9,1.9,1.9,1.9,1.9,1.9,1.9,1.9
2018-05-19,SK,CW,15,4,9,9,72,100,10,12,15,10,3.84,1.27,10,4,3.35,4,4,1.25,1.25,1.33,1.27,25.5,20.5,26.5,26.5,-25.5,-26.5,-20.5,-26.5,1.9,1.9,1.93,1.93,1.9,1.93,1.9,1.93,165.5,165.5,167.5,167.5,1.9,1.9,1.9,1.9,1.9,1.9,1.9,1.9
2018-05-19,SY,FR,16,6,9,9,111,52,17,9,7,10,1.17,5.13,11,1.22,1.16,1.25,1.16,4.35,4,5.6,5.6,-26.5,-36.5,-26.5,-36.5,26.5,26.5,36.5,36.5,1.9,1.93,1.9,1.93,1.9,1.9,1.93,1.93,159.5,158.5,160.5,158.5,1.9,1.9,1.9,1.9,1.9,1.9,1.9,1.9
2018-05-19,ES,GE,5,8,9,9,84,50,12,12,7,8,4.94,1.18,11,2.8,2.8,5,5,1.44,1.19,1.44,1.19,15.5,15.5,33.5,32.5,-15.5,-33.5,-15.5,-32.5,1.9,1.9,1.93,1.93,1.9,1.93,1.9,1.93,170.5,169.5,170.5,169.5,1.9,1.9,1.9,1.9,1.9,1.9,1.9,1.9
2018-05-19,GC,PA,7,13,9,9,42,82,6,6,11,16,7.26,1.1,11,4.35,4.35,9,9,1.22,1.08,1.22,1.08,26.5,26.5,47.5,47.5,-26.5,-47.5,-26.5,-47.5,1.9,1.9,1.93,1.93,1.9,1.93,1.9,1.93,153.5,153.5,162.5,155.5,1.9,1.9,1.9,1.9,1.9,1.9,1.9,1.9
2018-05-19,NM,GW,12,9,9,9,112,69,17,10,9,15,1.46,2.74,11,2.1,1.45,2.15,1.45,1.75,1.72,2.85,2.85,4.5,-15.5,5.5,-15.5,-4.5,-5.5,15.5,15.5,1.9,1.93,1.9,1.93,1.9,1.9,1.93,1.93,165.5,163.5,165.5,163.5,1.9,1.9,1.9,1.9,1.9,1.9,1.9,1.9
2018-05-18,AD,WB,1,17,9,9,63,26,9,9,2,14,1.3,3.52,11,1.2,1.14,1.33,1.3,4.6,3.5,5.75,3.7,-31.5,-35.5,-22.5,-22.5,31.5,22.5,35.5,22.5,1.9,1.9,1.93,1.93,1.9,1.93,1.93,1.93,179.5,163.5,179.5,163.5,1.9,1.9,1.9,1.9,1.9,1.9,1.9,1.9
2018-05-13,CW,GE,4,8,8,8,45,66,5,15,9,12,2.3,1.62,11,2.2,2.15,2.5,2.4,1.68,1.54,1.72,1.6,6.5,5.5,11.5,10.5,-6.5,-11.5,-5.5,-10.5,1.9,1.9,1.9,1.93,1.9,1.9,1.9,1.93,174.5,172.5,174.5,172.5,1.9,1.9,1.9,1.9,1.9,1.9,1.9,1.9
2018-05-13,NM,RI,12,14,8,8,72,82,11,6,12,10,3.57,1.29,11,4.6,3.7,4.6,3.7,1.2,1.2,1.3,1.3,28.5,22.5,30.5,22.5,-28.5,-30.5,-22.5,-22.5,1.9,1.93,1.9,1.93,1.9,1.9,1.93,1.93,173.5,171.5,173.5,171.5,1.9,1.9,1.9,1.9,1.9,1.9,1.9,1.9
2018-05-12,FR,SK,6,15,8,8,89,59,13,11,8,11,1.45,2.78,11,1.28,1.25,1.52,1.52,3.7,2.62,4,2.62,-23.5,-26.5,-13.5,-13.5,23.5,13.5,26.5,13.5,1.9,1.9,1.93,1.93,1.9,1.93,1.9,1.93,162.5,158.5,162.5,158.5,1.9,1.9,1.9,1.9,1.9,1.9,1.9,1.9
2018-05-12,WB,BL,17,2,8,8,107,93,16,11,14,9,1.41,2.89,11,1.35,1.3,1.44,1.44,3.25,2.9,3.6,2.9,-19.5,-22.5,-16.5,-17.5,19.5,16.5,22.5,17.5,1.9,1.9,1.9,1.93,1.9,1.9,1.9,1.93,170.5,170.5,174.5,174.5,1.9,1.9,1.9,1.9,1.9,1.9,1.9,1.9
2018-05-12,PA,AD,13,1,8,8,95,90,14,11,14,6,2.13,1.71,11,2.15,2.15,2.5,2.15,1.72,1.54,1.75,1.75,5.5,5.5,11.5,5.5,-5.5,-11.5,-5.5,-5.5,1.9,1.9,1.9,1.93,1.9,1.9,1.93,1.93,170.5,170.5,171.5,171.5,1.9,1.9,1.9,1.9,1.9,1.9,1.9,1.9
2018-05-12,GC,ME,7,11,8,8,77,146,11,11,21,20,3.71,1.28,11,2.65,2.65,4.15,4.15,1.48,1.25,1.48,1.25,13.5,13.5,26.5,26.5,-13.5,-26.5,-13.5,-26.5,1.9,1.9,1.93,1.93,1.9,1.93,1.9,1.93,172.5,170.5,172.5,170.5,1.9,1.9,1.9,1.9,1.9,1.9,1.9,1.9
2018-05-12,CA,ES,3,5,8,8,91,78,14,7,10,18,2.92,1.4,11,4.35,2.9,4.35,3,1.22,1.22,1.44,1.42,26.5,15.5,26.5,16.5,-26.5,-26.5,-15.5,-16.5,1.9,1.93,1.9,1.93,1.9,1.9,1.93,1.93,165.5,152.5,165.5,161.5,1.9,1.9,1.9,1.9,1.9,1.9,1.9,1.9
2018-05-12,GW,WC,9,18,8,8,61,86,8,13,12,14,1.49,2.61,11,1.4,1.4,1.72,1.5,3,2.15,3,2.68,-16.5,-16.5,-5.5,-14.5,16.5,5.5,16.5,14.5,1.9,1.9,1.9,1.93,1.9,1.9,1.9,1.93,159.5,154.5,159.5,154.5,1.9,1.9,1.9,1.9,1.9,1.9,1.9,1.9
2018-05-11,HW,SY,10,16,8,8,71,79,10,11,12,7,1.57,2.4,11,1.95,1.56,1.95,1.56,1.87,1.87,2.5,2.5,1.5,-11.5,1.5,-11.5,-1.5,-1.5,11.5,11.5,1.89,1.93,1.89,1.93,1.93,1.93,1.93,1.93,152.5,136.5,152.5,139.5,1.9,1.9,1.9,1.9,1.9,1.9,1.9,1.9
2018-05-06,BL,CW,2,4,7,7,114,121,18,6,19,7,3.37,1.32,11,2.7,2.7,3.5,3.5,1.47,1.33,1.47,1.33,13.5,13.5,23.5,23.5,-13.5,-23.5,-13.5,-23.5,1.9,1.9,1.93,1.93,1.9,1.93,1.9,1.93,164.5,164.5,169.5,169.5,1.9,1.9,1.9,1.9,1.9,1.9,1.9,1.9
2018-05-06,SK,ME,15,11,7,7,67,106,9,13,16,10,2.89,1.41,10,3.35,3,3.35,3,1.33,1.33,1.42,1.42,20.5,17.5,22.5,18.5,-20.5,-22.5,-17.5,-18.5,1.9,1.9,1.9,1.93,1.9,1.9,1.93,1.93,161.5,161.5,166.5,166.5,1.9,1.9,1.9,1.9,1.9,1.9,1.9,1.9
2018-05-06,RI,FR,14,6,7,7,110,33,15,20,4,9,1.13,6.04,10,1.17,1.12,1.17,1.15,5.25,5.25,6.75,6,-30.5,-41.5,-30.5,-38.5,30.5,30.5,41.5,38.5,1.9,1.93,1.9,1.93,1.9,1.9,1.93,1.93,168.5,167.5,168.5,167.5,1.9,1.9,1.9,1.9,1.9,1.9,1.9,1.9
2018-05-05,AD,CA,1,3,7,7,125,70,19,11,10,10,1.03,11.76,10,1.04,1.03,1.04,1.03,11,11,15,15,-52.5,-56.5,-52.5,-53.5,52.5,52.5,56.5,53.5,1.9,1.9,1.9,1.93,1.9,1.9,1.93,1.93,169.5,168.5,169.5,168.5,1.9,1.9,1.9,1.9,1.9,1.9,1.9,1.9
2018-05-05,SY,NM,16,12,7,7,66,68,9,12,9,14,1.22,4.28,11,1.1,1.1,1.25,1.25,7,4.15,7,4.15,-39.5,-39.5,-26.5,-26.5,39.5,26.5,39.5,26.5,1.9,1.9,1.93,1.93,1.9,1.93,1.9,1.93,167.5,164.5,167.5,164.5,1.9,1.9,1.9,1.9,1.9,1.9,1.9,1.9
2018-05-05,WC,PA,18,13,7,7,102,60,16,6,9,6,1.78,2.04,10,1.85,1.72,1.9,1.8,1.97,1.9,2.18,2.05,-1.5,-5.5,-1.5,-2.5,1.5,1.5,5.5,2.5,1.9,1.9,1.97,1.93,1.9,1.85,1.93,1.93,171.5,171.5,171.5,171.5,1.9,1.9,1.9,1.9,1.9,1.9,1.9,1.9
2018-05-05,ES,HW,5,10,7,7,67,90,10,7,13,12,2.6,1.5,11,1.75,1.75,2.68,2.68,2.1,1.5,2.1,1.5,-4.5,-4.5,13.5,13.5,4.5,-13.5,4.5,-13.5,1.9,1.9,1.93,1.93,1.9,1.93,1.9,1.93,177.5,175.5,177.5,175.5,1.9,1.9,1.9,1.9,1.9,1.9,1.9,1.9
2018-05-05,WB,GC,17,7,7,7,81,72,11,15,10,12,1.22,4.21,11,1.2,1.15,1.27,1.25,4.6,3.85,6,4.15,-28.5,-36.5,-23.5,-26.5,28.5,23.5,36.5,26.5,1.9,1.93,1.9,1.93,1.9,1.9,1.93,1.93,164.5,161.5,164.5,163.5,1.9,1.9,1.9,1.9,1.9,1.9,1.9,1.9
2018-05-04,GE,GW,8,9,7,7,93,32,14,9,4,8,1.39,3.05,10,1.62,1.38,1.65,1.38,2.3,2.25,3.2,3.2,-8.5,-19.5,-7.5,-19.5,8.5,7.5,19.5,19.5,1.9,1.93,1.9,1.93,1.9,1.9,1.93,1.93,163.5,159.5,163.5,159.5,1.9,1.9,1.9,1.9,1.9,1.9,1.9,1.9
2018-04-29,FR,WC,6,18,6,6,81,89,12,9,13,11,2.27,1.63,13,2.3,2.15,2.35,2.35,1.62,1.62,1.72,1.63,8.5,5.5,9.5,9.5,-8.5,-9.5,-5.5,-9.5,1.9,1.9,1.93,1.93,1.9,1.93,1.9,1.93,172.5,170.5,172.5,170.5,1.9,1.9,1.9,1.9,1.9,1.9,1.9,1.9
2018-04-29,CW,RI,4,14,6,6,70,113,10,10,16,17,2.68,1.46,13,2.55,2.5,2.9,2.8,1.52,1.42,1.54,1.47,11.5,11.5,15.5,14.5,-11.5,-15.5,-11.5,-14.5,1.9,1.9,1.9,1.93,1.9,1.9,1.9,1.93,174.5,168.5,174.5,168.5,1.9,1.9,1.9,1.9,1.9,1.9,1.9,1.9
2018-04-29,ES,ME,5,11,6,6,72,108,10,12,16,12,2.1,1.73,13,1.97,1.9,2.18,2.18,1.85,1.72,1.95,1.72,1.5,-1.5,5.5,5.5,-1.5,-5.5,1.5,-5.5,1.9,1.97,1.93,1.93,1.9,1.93,1.86,1.93,188.5,181.5,188.5,181.5,1.9,1.9,1.9,1.9,1.9,1.9,1.9,1.9
2018-04-28,AD,GC,1,7,6,6,110,62,16,14,9,8,1.08,7.54,13,1.08,1.07,1.1,1.1,8,8,9,8,-45.5,-47.5,-45.5,-46.5,45.5,45.5,47.5,46.5,1.9,1.9,1.93,1.93,1.9,1.9,1.9,1.93,183.5,179.5,183.5,180.5,1.9,1.9,1.9,1.9,1.9,1.9,1.9,1.9
2018-04-28,HW,SK,10,15,6,6,89,54,13,11,7,12,1.47,2.66,13,1.25,1.25,1.5,1.5,4,2.68,4,2.68,-25.5,-25.5,-13.5,-14.5,25.5,13.5,25.5,14.5,1.9,1.9,1.93,1.93,1.9,1.93,1.9,1.93,176.5,169.5,176.5,169.5,1.9,1.9,1.9,1.9,1.9,1.9,1.9,1.9
2018-04-28,GW,BL,9,2,6,6,77,43,10,17,5,13,1.11,6.43,13,1.11,1.11,1.14,1.13,6.5,6,6.5,6.5,-40.5,-40.5,-36.5,-37.5,40.5,36.5,40.5,37.5,1.9,1.9,1.93,1.93,1.9,1.93,1.9,1.93,160.5,159.5,168.5,168.5,1.9,1.9,1.9,1.9,1.9,1.9,1.9,1.9
2018-04-28,NM,PA,12,13,6,6,69,102,10,9,15,12,2.17,1.68,13,4,2.22,4,2.22,1.25,1.25,1.7,1.7,24.5,6.5,24.5,6.5,-24.5,-24.5,-6.5,-6.5,1.9,1.93,1.9,1.93,1.9,1.9,1.93,1.93,180.5,176.5,180.5,176.5,1.9,1.9,1.9,1.9,1.9,1.9,1.9,1.9
2018-04-28,GE,SY,8,16,6,6,69,86,10,9,12,14,1.45,2.74,13,1.75,1.42,1.75,1.47,2.1,2.1,2.9,2.8,-4.5,-16.5,-4.5,-15.5,4.5,4.5,16.5,15.5,1.9,1.9,1.9,1.97,1.9,1.9,1.93,1.86,170.5,165.5,170.5,167.5,1.9,1.9,1.9,1.9,1.9,1.9,1.9,1.9
2018-04-27,WB,CA,17,3,6,6,80,59,11,14,8,11,1.43,2.78,13,1.33,1.33,1.47,1.44,3.35,2.8,3.35,2.9,-20.5,-20.5,-15.5,-16.5,20.5,15.5,20.5,16.5,1.9,1.9,1.93,1.93,1.9,1.9,1.9,1.93,172.5,168.5,172.5,169.5,1.9,1.9,1.9,1.9,1.9,1.9,1.9,1.9
2018-04-25,CW,ES,4,5,5,5,101,52,14,17,7,10,1.73,2.1,13,2.1,1.7,2.1,1.75,1.75,1.75,2.18,2.15,4.5,-5.5,4.5,-4.5,-4.5,-4.5,5.5,4.5,1.9,1.9,1.9,1.93,1.9,1.9,1.9,1.93,180.5,178.5,180.5,178.5,1.9,1.9,1.9,1.9,1.9,1.9,1.9,1.9
2018-04-24,ME,RI,11,14,5,5,56,102,8,8,15,12,2.54,1.51,13,2.18,2.18,2.9,2.68,1.7,1.42,1.7,1.5,5.5,5.5,16.5,13.5,-5.5,-16.5,-5.5,-13.5,1.9,1.9,1.9,1.93,1.9,1.9,1.9,1.93,176.5,174.5,177.5,174.5,1.9,1.9,1.9,1.9,1.9,1.9,1.9,1.9
2018-04-22,BL,GC,2,7,5,5,71,76,10,11,11,10,1.71,2.12,13,1.7,1.7,1.78,1.75,2.18,2.05,2.18,2.1,-5.5,-5.5,-3.5,-4.5,5.5,3.5,5.5,4.5,1.9,1.9,1.9,1.93,1.9,1.9,1.9,1.93,182.5,173.5,182.5,181.5,1.9,1.9,1.9,1.9,1.9,1.9,1.9,1.9
2018-04-22,NM,HW,12,10,5,5,98,70,14,14,11,4,2.5,1.53,13,3.35,2.5,3.35,2.5,1.33,1.33,1.54,1.54,19.5,12.5,19.5,12.5,-19.5,-19.5,-12.5,-12.5,1.9,1.93,1.9,1.93,1.9,1.9,1.93,1.93,192.5,189.5,192.5,189.5,1.9,1.9,1.9,1.9,1.9,1.9,1.9,1.9
2018-04-21,FR,WB,6,17,5,5,108,54,16,12,8,6,1.53,2.49,13,1.6,1.58,1.62,1.58,2.35,2.3,2.4,2.4,-8.5,-11.5,-7.5,-11.5,8.5,7.5,11.5,11.5,1.9,1.93,1.9,1.93,1.9,1.9,1.93,1.93,169.5,157.5,169.5,164.5,1.9,1.9,1.9,1.9,1.9,1.9,1.9,1.9
2018-04-21,PA,GE,13,8,5,5,50,84,7,8,12,12,1.47,2.66,13,1.5,1.47,1.54,1.47,2.6,2.5,2.7,2.7,-12.5,-15.5,-9.5,-15.5,12.5,9.5,15.5,15.5,1.9,1.93,1.9,1.93,1.9,1.9,1.93,1.93,177.5,176.5,177.5,177.5,1.9,1.9,1.9,1.9,1.9,1.9,1.9,1.9
2018-04-21,CA,WC,3,18,5,5,69,79,10,9,10,19,5.1,1.16,13,3.2,3.2,5.25,5.25,1.36,1.17,1.36,1.17,18.5,18.5,35.5,33.5,-18.5,-35.5,-18.5,-33.5,1.9,1.9,1.93,1.93,1.9,1.93,1.9,1.93,178.5,176.5,178.5,176.5,1.9,1.9,1.9,1.9,1.9,1.9,1.9,1.9
2018-04-21,SK,GW,15,9,5,5,73,73,10,13,9,19,3.29,1.33,13,4,3.2,4,3.2,1.25,1.25,1.36,1.36,24.5,19.5,25.5,19.5,-24.5,-25.5,-19.5,-19.5,1.9,1.93,1.9,1.93,1.9,1.9,1.93,1.93,180.5,180.5,180.5,180.5,1.9,1.9,1.9,1.9,1.9,1.9,1.9,1.9
2018-04-20,SY,AD,16,1,5,5,75,85,10,15,12,13,1.25,3.94,13,1.65,1.27,1.65,1.27,2.25,2.25,4,4,-7.5,-26.5,-7.5,-26.5,7.5,7.5,26.5,26.5,1.9,1.9,1.9,1.9,1.9,1.9,1.95,1.95,173.5,172.5,175.5,175.5,1.9,1.9,1.9,1.9,1.9,1.9,1.9,1.9
2018-04-15,GE,SK,8,15,4,4,103,56,15,13,7,14,1.27,3.74,13,1.14,1.14,1.28,1.28,5.75,3.85,5.75,3.85,-33.5,-33.5,-24.5,-24.5,33.5,24.5,33.5,24.5,1.9,1.9,1.93,1.93,1.9,1.93,1.9,1.93,178.5,177.5,180.5,177.5,1.9,1.9,1.9,1.9,1.9,1.9,1.9,1.9
2018-04-15,HW,ME,10,11,4,4,115,48,18,7,6,12,2.14,1.7,13,2.1,2,2.22,2.22,1.75,1.68,1.82,1.7,4.5,2.5,6.5,5.5,-4.5,-6.5,-2.5,-5.5,1.9,1.9,1.93,1.93,1.9,1.9,1.9,1.93,188.5,185.5,188.5,185.5,1.9,1.9,1.9,1.9,1.9,1.9,1.9,1.9
2018-04-15,ES,PA,5,13,4,4,106,84,16,10,12,12,2.23,1.65,13,1.9,1.9,2.3,2.25,1.9,1.65,1.9,1.68,-1.5,-1.5,7.5,6.5,1.5,-7.5,1.5,-6.5,1.97,1.97,1.95,1.95,1.85,1.9,1.85,1.9,186.5,186.5,189.5,189.5,1.9,1.9,1.9,1.9,1.9,1.9,1.9,1.9
2018-04-14,WC,GC,18,7,4,4,139,59,21,13,9,5,1.16,5.12,13,1.17,1.12,1.17,1.16,5.25,5.25,6.25,5.6,-31.5,-36.5,-31.5,-32.5,31.5,31.5,36.5,32.5,1.9,1.9,1.9,1.93,1.9,1.9,1.93,1.93,177.5,176.5,177.5,176.5,1.9,1.9,1.9,1.9,1.9,1.9,1.9,1.9
2018-04-14,NM,CA,12,3,4,4,116,30,18,8,4,6,1.52,2.53,12,1.85,1.52,1.85,1.54,1.97,1.97,2.62,2.55,-1.5,-13.5,-1.5,-13.5,1.5,1.5,13.5,13.5,1.9,1.9,1.9,1.93,1.9,1.9,1.93,1.93,183.5,171.5,183.5,171.5,1.9,1.9,1.9,1.9,1.9,1.9,1.9,1.9
2018-04-14,WB,SY,17,16,4,4,79,86,11,13,13,8,3.63,1.28,12,3.2,2.7,3.85,3.7,1.36,1.28,1.47,1.3,18.5,13.5,24.5,24.5,-18.5,-24.5,-13.5,-24.5,1.9,1.9,1.93,1.93,1.9,1.93,1.9,1.93,185.5,183.5,185.5,183.5,1.9,1.9,1.9,1.9,1.9,1.9,1.9,1.9
2018-04-14,RI,BL,14,2,4,4,110,17,16,14,2,5,1.1,7,12,1.1,1.07,1.12,1.11,7,6.5,10,7.25,-40.5,-44.5,-38.5,-39.5,40.5,38.5,44.5,39.5,1.9,1.93,1.9,1.93,1.9,1.9,1.93,1.93,185.5,163.5,185.5,163.5,1.9,1.9,1.9,1.9,1.9,1.9,1.9,1.9
2018-04-14,GW,FR,9,6,4,4,82,51,11,16,7,9,1.18,4.79,13,1.12,1.12,1.18,1.18,6.25,5.2,6.25,5.2,-36.5,-36.5,-30.5,-30.5,36.5,30.5,36.5,30.5,1.9,1.9,1.93,1.93,1.9,1.93,1.9,1.93,175.5,169.5,175.5,171.5,1.9,1.9,1.9,1.9,1.9,1.9,1.9,1.9
2018-04-13,AD,CW,1,4,4,4,58,106,9,4,16,10,1.18,4.84,13,1.12,1.12,1.19,1.19,6.25,5,6.25,5,-36.5,-36.5,-30.5,-30.5,36.5,30.5,36.5,30.5,1.9,1.9,1.93,1.93,1.9,1.93,1.9,1.93,186.5,160.5,186.5,166.5,1.9,1.9,1.9,1.9,1.9,1.9,1.9,1.9
2018-04-08,WC,GE,18,8,3,3,95,80,14,11,11,14,1.84,1.95,13,2.2,1.85,2.2,1.85,1.68,1.68,2,2,6.5,-2.5,6.5,-2.5,-6.5,-6.5,2.5,2.5,1.9,1.93,1.9,1.93,1.9,1.9,1.93,1.93,185.5,185.5,189.5,189.5,1.9,1.9,1.9,1.9,1.9,1.9,1.9,1.9
2018-04-08,WB,ES,17,5,3,3,104,83,14,20,12,11,3.26,1.34,13,2.5,2.3,3.35,3.35,1.54,1.35,1.62,1.35,10.5,8.5,23.5,23.5,-10.5,-23.5,-8.5,-23.5,1.9,1.9,1.93,1.93,1.9,1.93,1.9,1.93,188.5,188.5,192.5,192.5,1.9,1.9,1.9,1.9,1.9,1.9,1.9,1.9
2018-04-08,RI,HW,14,10,3,3,102,89,15,12,13,11,1.55,2.44,13,1.52,1.52,1.68,1.58,2.55,2.2,2.55,2.45,-11.5,-11.5,-6.5,-11.5,11.5,6.5,11.5,11.5,1.9,1.9,1.9,1.93,1.9,1.9,1.93,1.93,182.5,182.5,185.5,182.5,1.9,1.9,1.9,1.9,1.9,1.9,1.9,1.9
2018-04-07,SK,AD,15,1,3,3,55,104,7,13,15,14,3.4,1.32,13,2.5,2.5,3.5,3.5,1.54,1.33,1.54,1.33,10.5,10.5,21.5,21.5,-10.5,-21.5,-10.5,-21.5,1.9,1.9,1.93,1.93,1.9,1.9,1.9,1.93,195.5,188.5,195.5,190.5,1.9,1.9,1.9,1.9,1.9,1.9,1.9,1.9
2018-04-07,SY,GW,16,9,3,3,103,87,16,7,12,15,1.55,2.44,13,1.72,1.58,1.72,1.58,2.15,2.15,2.45,2.45,-5.5,-10.5,-5.5,-10.5,5.5,5.5,10.5,10.5,1.9,1.93,1.93,1.93,1.9,1.9,1.93,1.93,173.5,171.5,173.5,171.5,1.9,1.9,1.9,1.9,1.9,1.9,1.9,1.9
2018-04-07,GC,FR,7,6,3,3,68,96,10,8,13,18,2.49,1.53,13,3.1,2.5,3.1,2.5,1.38,1.38,1.56,1.56,17.5,11.5,17.5,11.5,-17.5,-17.5,-11.5,-11.5,1.9,1.93,1.9,1.93,1.9,1.9,1.93,1.93,181.5,178.5,181.5,178.5,1.9,1.9,1.9,1.9,1.9,1.9,1.9,1.9
2018-04-07,ME,NM,11,12,3,3,123,86,18,15,13,8,1.35,3.18,13,1.2,1.2,1.38,1.35,4.6,3.2,4.6,3.35,-28.5,-28.5,-18.5,-20.5,28.5,18.5,28.5,20.5,1.9,1.9,1.93,1.93,1.9,1.93,1.9,1.93,184.5,182.5,187.5,187.5,1.9,1.9,1.9,1.9,1.9,1.9,1.9,1.9
2018-04-07,PA,BL,13,2,3,3,97,92,14,13,14,8,1.06,9.45,13,1.12,1.04,1.12,1.04,6.25,6.25,13,13,-36.5,-58.5,-36.5,-58.5,36.5,36.5,58.5,58.5,1.9,1.93,1.9,1.93,1.9,1.9,1.93,1.93,182.5,182.5,188.5,188.5,1.9,1.9,1.9,1.9,1.9,1.9,1.9,1.9
2018-04-06,CA,CW,3,4,3,3,76,100,11,10,16,4,2.53,1.51,13,2.9,2.4,2.9,2.55,1.42,1.42,1.58,1.54,15.5,9.5,15.5,12.5,-15.5,-15.5,-9.5,-12.5,1.9,1.9,1.9,1.93,1.9,1.9,1.9,1.93,173.5,173.5,173.5,173.5,1.9,1.9,1.9,1.9,1.9,1.9,1.9,1.9
2018-04-02,GE,HW,8,10,2,2,117,118,18,9,17,16,1.7,2.15,13,1.671,1.571,1.74,1.74,2.27,2.16,2.49,2.16,-8.5,-8.5,-5.5,-5.5,8.5,5.5,8.5,5.5,1.925,1.854,1.952,1.952,1.925,1.9,2,1.9,186.5,186.5,186.5,186.5,1.925,1.84,1.925,1.84,1.925,1.925,2.02,2.02
2018-04-01,SY,PA,16,13,2,2,71,94,10,11,14,10,1.44,2.76,13,1.492,1.425,1.492,1.487,2.71,2.71,2.97,2.73,-16.5,-17.5,-15.5,-16.5,16.5,15.5,17.5,16.5,1.925,1.925,1.952,1.925,1.925,1.9,1.925,1.925,172.5,172.5,178,178,1.925,1.854,1.925,1.892,1.925,1.925,1.961,1.961
2018-04-01,WB,WC,17,18,2,2,70,121,9,16,18,13,1.68,2.18,13,1.671,1.671,1.775,1.699,2.27,2.1,2.27,2.22,-8.5,-10.5,-7.5,-8.5,8.5,7.5,10.5,8.5,1.925,1.925,1.943,1.99,1.925,1.909,1.925,1.862,187.5,182.5,187.5,183.5,1.925,1.813,2.2,1.934,1.925,1.925,1.925,1.917
2018-03-31,FR,ES,6,5,2,2,106,90,16,10,14,6,2.49,1.53,13,2.4,2.4,2.7,2.5,1.606,1.497,1.606,1.564,10.5,10.5,12.5,12.5,-10.5,-12.5,-10.5,-12.5,1.925,1.925,1.925,1.925,1.925,1.925,1.925,1.925,179.5,179.5,180.5,179.5,1.925,1.877,1.925,1.877,1.925,1.925,1.99,1.98
2018-03-31,BL,ME,2,11,2,2,74,100,10,14,14,16,3.33,1.32,13,2.82,2.82,3.47,3.47,1.462,1.333,1.462,1.333,18.5,18.5,21.5,21.5,-18.5,-21.5,-18.5,-21.5,1.925,1.925,1.925,1.925,1.925,1.925,1.925,1.925,191.5,191.5,191.5,191.5,1.925,1.925,1.925,1.925,1.925,1.925,1.925,1.925
2018-03-31,CW,GW,4,9,2,2,79,95,12,7,15,5,2.9,1.41,12,2.97,2.86,3.47,2.86,1.425,1.333,1.452,1.452,20.5,16.5,20.5,17.5,-20.5,-20.5,-16.5,-17.5,1.925,1.943,1.925,1.925,1.925,1.925,1.909,1.925,189.5,187,189.5,187,1.925,1.925,1.925,2,1.925,1.854,1.925,1.854
2018-03-31,CA,GC,3,7,2,2,67,101,9,13,15,11,1.54,2.46,13,1.549,1.469,1.571,1.571,2.54,2.49,2.79,2.49,-13.5,-13.5,-13.5,-13.5,13.5,13.5,13.5,13.5,1.925,1.892,2.08,2.08,1.925,1.793,1.961,1.793,189.5,187.5,189.5,187.5,1.925,1.909,2.05,1.909,1.925,1.943,1.925,1.943
2018-03-30,NM,SK,12,15,2,2,95,43,13,17,5,13,3.1,1.37,13,2.89,2.87,3.16,3.16,1.444,1.384,1.448,1.384,19.5,15.5,19.5,17.5,-19.5,-19.5,-15.5,-17.5,1.925,1.925,1.925,1.925,1.925,1.925,1.925,1.925,197.5,192.5,197.5,192.5,1.925,1.943,1.934,1.943,1.925,1.909,1.925,1.909
2018-03-29,AD,RI,1,14,2,2,118,82,18,10,12,10,1.8,2.01,12,1.704,1.704,1.8,1.8,2.21,2.07,2.21,2.07,-8.5,-8.5,-4.5,-4.5,8.5,4.5,8.5,4.5,1.925,1.925,1.961,1.961,1.925,1.892,1.925,1.892,184.5,182.5,184.5,182.5,1.925,1.909,1.925,1.925,1.925,1.84,1.925,1.925
2018-03-25,WC,SY,18,16,1,1,86,115,13,8,18,7,3.2,1.34,12,2.93,2.93,3.38,3.38,1.434,1.346,1.434,1.346,17.5,17.5,21.5,20.5,-17.5,-21.5,-17.5,-20.5,1.925,1.892,1.925,1.925,1.925,1.925,1.961,1.925,176.5,176.5,176.5,176.5,1.925,1.813,1.925,1.892,1.925,1.925,2.05,1.961
2018-03-25,ME,GE,11,8,1,1,94,97,13,16,14,13,1.71,2.15,13,1.925,1.68,1.925,1.68,1.925,1.925,2.26,2.26,-2.5,-6.5,-2.5,-5.5,2.5,2.5,6.5,5.5,2.05,2,2.05,1.877,1.813,1.813,1.854,1.98,178.5,178.5,179.5,179.5,1.925,1.813,1.925,1.925,1.925,1.925,1.925,1.925
2018-03-25,GW,WB,9,17,1,1,133,51,20,13,7,9,1.32,3.34,13,1.434,1.333,1.434,1.333,2.93,2.93,3.47,3.47,-17.5,-20.5,-15.5,-20.5,17.5,15.5,20.5,20.5,1.925,1.909,1.952,1.909,1.925,1.9,1.943,1.943,174.5,170.5,174.5,170.5,1.925,1.925,1.925,1.925,1.925,1.925,1.925,1.925
2018-03-24,GC,NM,7,12,1,1,55,39,7,13,5,9,1.93,1.86,13,1.862,1.862,2.03,2.03,1.99,1.833,1.99,1.833,-2.5,-2.5,2.5,2.5,2.5,-2.5,2.5,-2.5,1.925,1.925,1.961,1.9,1.925,1.892,1.925,1.952,148.5,147.5,150.5,150.5,1.925,1.961,1.961,1.961,1.925,1.892,1.99,1.892
2018-03-24,HW,CW,10,4,1,1,101,67,15,11,9,13,1.74,2.08,13,1.854,1.769,1.892,1.769,2,1.961,2.11,2.11,-2.5,-3.5,-2.5,-3.5,2.5,2.5,3.5,3.5,1.98,1.892,2.04,1.892,1.877,1.826,1.961,1.961,167.5,167.5,169.5,169.5,1.925,1.925,1.909,1.84,1.925,1.925,2.02,2.02
2018-03-24,PA,FR,13,6,1,1,110,60,16,14,9,6,1.19,4.54,12,1.217,1.2,1.217,1.2,4.61,4.61,4.88,4.88,-26.5,-33.5,-26.5,-33.5,26.5,26.5,33.5,33.5,1.925,1.909,1.925,1.925,1.925,1.925,1.943,1.925,181.5,181.5,182.5,182.5,1.925,1.925,1.862,1.862,1.925,1.925,1.99,1.99
2018-03-24,SK,BL,15,2,1,1,107,82,16,11,12,10,1.33,3.29,13,1.303,1.303,1.341,1.341,3.69,3.41,3.69,3.41,-24.5,-24.5,-22.5,-22.5,24.5,22.5,24.5,22.5,1.925,1.925,1.952,1.952,1.925,1.9,1.925,1.9,198.5,198.5,199.5,199.5,1.925,1.925,1.877,1.877,1.925,1.925,2.04,1.98
2018-03-23,ES,AD,5,1,1,1,99,87,14,15,12,15,1.81,1.99,13,2.03,1.806,2.03,1.854,1.833,1.833,2.06,2,4.5,-4.5,4.5,-2.5,-4.5,-4.5,4.5,2.5,1.925,2.04,1.925,1.961,1.925,1.925,1.826,1.892,200.5,200.5,203.5,203.5,1.925,1.763,2.11,2.11,1.925,1.925,2.05,1.769
2018-03-22,RI,CA,14,3,1,1,121,95,17,19,15,5,1.19,4.65,13,1.181,1.181,1.232,1.204,5.2,4.4,5.2,4.81,-29.5,-32.5,-27.5,-28.5,29.5,27.5,32.5,28.5,1.925,1.909,1.925,1.934,1.925,1.925,1.943,1.917,179.5,179.5,182.5,182.5,1.925,1.925,1.99,1.99,1.925,1.925,2.04,1.862